<?xml version="1.0" encoding="UTF-8"?><record_update table="cmdb_inst_entity">
    <cmdb_inst_entity action="DELETE">
        <child_id_field/>
        <lookup_for_entity display_value="IoT Device 1">d97fb17597d2f190bd8ff0021153afb4</lookup_for_entity>
        <name>Network Adapter 2</name>
        <parent_entity/>
        <parent_id_field/>
        <path>cmdb_ci_network_adapter_2</path>
        <related_for_entity/>
        <relationship_type/>
        <sys_class_name>cmdb_inst_entity</sys_class_name>
        <sys_created_by>jamie@moderncyber.com</sys_created_by>
        <sys_created_on>2023-11-05 15:29:09</sys_created_on>
        <sys_id>7f9e090a97d23590bd8ff0021153af5e</sys_id>
        <sys_mod_count>0</sys_mod_count>
        <sys_name>Network Adapter 2</sys_name>
        <sys_package display_value="Cisco ISE" source="x_caci_cisco_ise">4a658575975eb190bd8ff0021153afa7</sys_package>
        <sys_policy/>
        <sys_rte_eb_definition display_value="ISE ETL Map">1a6565319752f190bd8ff0021153af57</sys_rte_eb_definition>
        <sys_scope display_value="Cisco ISE">4a658575975eb190bd8ff0021153afa7</sys_scope>
        <sys_update_name>cmdb_inst_entity_7f9e090a97d23590bd8ff0021153af5e</sys_update_name>
        <sys_updated_by>jamie@moderncyber.com</sys_updated_by>
        <sys_updated_on>2023-11-05 15:29:09</sys_updated_on>
        <table>cmdb_ci_network_adapter</table>
    </cmdb_inst_entity>
    <sys_update_version action="INSERT_OR_UPDATE">
        <action>DELETE</action>
        <application display_value="Cisco ISE">4a658575975eb190bd8ff0021153afa7</application>
        <file_path/>
        <instance_id>c369663adbcb7b0452cec597059619b2</instance_id>
        <instance_name>ven03091</instance_name>
        <name>cmdb_inst_entity_7f9e090a97d23590bd8ff0021153af5e</name>
        <payload><![CDATA[<?xml version="1.0" encoding="UTF-8"?><record_update table="cmdb_inst_entity"><cmdb_inst_entity action="INSERT_OR_UPDATE"><child_id_field/><lookup_for_entity display_value="IoT Device 1">d97fb17597d2f190bd8ff0021153afb4</lookup_for_entity><name>Network Adapter 2</name><parent_entity/><parent_id_field/><path>cmdb_ci_network_adapter_2</path><related_for_entity/><relationship_type/><sys_class_name>cmdb_inst_entity</sys_class_name><sys_created_by>jamie@moderncyber.com</sys_created_by><sys_created_on>2023-11-05 15:29:09</sys_created_on><sys_id>7f9e090a97d23590bd8ff0021153af5e</sys_id><sys_mod_count>0</sys_mod_count><sys_name>Network Adapter 2</sys_name><sys_package display_value="Cisco ISE" source="x_caci_cisco_ise">4a658575975eb190bd8ff0021153afa7</sys_package><sys_policy/><sys_rte_eb_definition display_value="ISE ETL Map">1a6565319752f190bd8ff0021153af57</sys_rte_eb_definition><sys_scope display_value="Cisco ISE">4a658575975eb190bd8ff0021153afa7</sys_scope><sys_update_name>cmdb_inst_entity_7f9e090a97d23590bd8ff0021153af5e</sys_update_name><sys_updated_by>jamie@moderncyber.com</sys_updated_by><sys_updated_on>2023-11-05 15:29:09</sys_updated_on><table>cmdb_ci_network_adapter</table></cmdb_inst_entity></record_update>]]></payload>
        <payload_hash>74112699</payload_hash>
        <record_name>Network Adapter 2</record_name>
        <reverted_from/>
        <source>2ed7dce647de3990404f82ae436d43f1</source>
        <source_table>sys_update_set</source_table>
        <state>previous</state>
        <sys_created_by>jamie@moderncyber.com</sys_created_by>
        <sys_created_on>2023-11-05 15:29:09</sys_created_on>
        <sys_id>f79e890a97d23590bd8ff0021153af52</sys_id>
        <sys_mod_count>1</sys_mod_count>
        <sys_recorded_at>18ba01a23d50000001</sys_recorded_at>
        <sys_updated_by>jamie@moderncyber.com</sys_updated_by>
        <sys_updated_on>2023-11-07 00:46:53</sys_updated_on>
        <type>CMDB Integration Studio Entity</type>
        <update_guid>f79e090a0ed235903e8135dd291e5460</update_guid>
        <update_guid_history>f79e090a0ed235903e8135dd291e5460:74112699</update_guid_history>
    </sys_update_version>
    <sys_metadata_delete action="INSERT_OR_UPDATE">
        <sys_audit_delete display_value="Network Adapter 2">89aec90a97d23590bd8ff0021153af2e</sys_audit_delete>
        <sys_class_name>sys_metadata_delete</sys_class_name>
        <sys_created_by>jamie@moderncyber.com</sys_created_by>
        <sys_created_on>2023-11-05 15:29:14</sys_created_on>
        <sys_db_object display_value="" name="cmdb_inst_entity">cmdb_inst_entity</sys_db_object>
        <sys_id>16ee1a27c5924ca095ed4fae564d4490</sys_id>
        <sys_metadata>7f9e090a97d23590bd8ff0021153af5e</sys_metadata>
        <sys_mod_count>0</sys_mod_count>
        <sys_name>Network Adapter 2</sys_name>
        <sys_package display_value="Cisco ISE" source="x_caci_cisco_ise">4a658575975eb190bd8ff0021153afa7</sys_package>
        <sys_parent/>
        <sys_policy/>
        <sys_scope display_value="Cisco ISE">4a658575975eb190bd8ff0021153afa7</sys_scope>
        <sys_scope_delete display_value="">10fc9f8acba646c69e1a828f564de961</sys_scope_delete>
        <sys_update_name>cmdb_inst_entity_7f9e090a97d23590bd8ff0021153af5e</sys_update_name>
        <sys_update_version display_value="cmdb_inst_entity_7f9e090a97d23590bd8ff0021153af5e">f79e890a97d23590bd8ff0021153af52</sys_update_version>
        <sys_updated_by>jamie@moderncyber.com</sys_updated_by>
        <sys_updated_on>2023-11-05 15:29:14</sys_updated_on>
    </sys_metadata_delete>
</record_update>
