<?xml version="1.0" encoding="UTF-8"?><record_update table="cmdb_inst_entity">
    <cmdb_inst_entity action="DELETE">
        <child_id_field/>
        <lookup_for_entity display_value="Computer 1">5d7fb17597d2f190bd8ff0021153af70</lookup_for_entity>
        <name>Serial Number 1</name>
        <parent_entity/>
        <parent_id_field/>
        <path>cmdb_serial_number_1</path>
        <related_for_entity/>
        <relationship_type/>
        <sys_class_name>cmdb_inst_entity</sys_class_name>
        <sys_created_by>jamie@moderncyber.com</sys_created_by>
        <sys_created_on>2023-11-05 00:25:22</sys_created_on>
        <sys_id>20cf397597d2f190bd8ff0021153afb2</sys_id>
        <sys_mod_count>0</sys_mod_count>
        <sys_name>Serial Number 1</sys_name>
        <sys_package display_value="Cisco ISE" source="x_caci_cisco_ise">4a658575975eb190bd8ff0021153afa7</sys_package>
        <sys_policy/>
        <sys_rte_eb_definition display_value="ISE ETL Map">1a6565319752f190bd8ff0021153af57</sys_rte_eb_definition>
        <sys_scope display_value="Cisco ISE">4a658575975eb190bd8ff0021153afa7</sys_scope>
        <sys_update_name>cmdb_inst_entity_20cf397597d2f190bd8ff0021153afb2</sys_update_name>
        <sys_updated_by>jamie@moderncyber.com</sys_updated_by>
        <sys_updated_on>2023-11-05 00:25:22</sys_updated_on>
        <table>cmdb_serial_number</table>
    </cmdb_inst_entity>
    <sys_update_version action="INSERT_OR_UPDATE">
        <action>DELETE</action>
        <application display_value="Cisco ISE">4a658575975eb190bd8ff0021153afa7</application>
        <file_path/>
        <instance_id>c369663adbcb7b0452cec597059619b2</instance_id>
        <instance_name>ven03091</instance_name>
        <name>cmdb_inst_entity_20cf397597d2f190bd8ff0021153afb2</name>
        <payload><![CDATA[<?xml version="1.0" encoding="UTF-8"?><record_update table="cmdb_inst_entity"><cmdb_inst_entity action="INSERT_OR_UPDATE"><child_id_field/><lookup_for_entity display_value="Computer 1">5d7fb17597d2f190bd8ff0021153af70</lookup_for_entity><name>Serial Number 1</name><parent_entity/><parent_id_field/><path>cmdb_serial_number_1</path><related_for_entity/><relationship_type/><sys_class_name>cmdb_inst_entity</sys_class_name><sys_created_by>jamie@moderncyber.com</sys_created_by><sys_created_on>2023-11-05 00:25:22</sys_created_on><sys_id>20cf397597d2f190bd8ff0021153afb2</sys_id><sys_mod_count>0</sys_mod_count><sys_name>Serial Number 1</sys_name><sys_package display_value="Cisco ISE" source="x_caci_cisco_ise">4a658575975eb190bd8ff0021153afa7</sys_package><sys_policy/><sys_rte_eb_definition display_value="ISE ETL Map">1a6565319752f190bd8ff0021153af57</sys_rte_eb_definition><sys_scope display_value="Cisco ISE">4a658575975eb190bd8ff0021153afa7</sys_scope><sys_update_name>cmdb_inst_entity_20cf397597d2f190bd8ff0021153afb2</sys_update_name><sys_updated_by>jamie@moderncyber.com</sys_updated_by><sys_updated_on>2023-11-05 00:25:22</sys_updated_on><table>cmdb_serial_number</table></cmdb_inst_entity></record_update>]]></payload>
        <payload_hash>970586670</payload_hash>
        <record_name>Serial Number 1</record_name>
        <reverted_from/>
        <source>2ed7dce647de3990404f82ae436d43f1</source>
        <source_table>sys_update_set</source_table>
        <state>previous</state>
        <sys_created_by>jamie@moderncyber.com</sys_created_by>
        <sys_created_on>2023-11-05 00:25:22</sys_created_on>
        <sys_id>e8cfb97597d2f190bd8ff0021153afca</sys_id>
        <sys_mod_count>1</sys_mod_count>
        <sys_recorded_at>18b9cdeb2d90000001</sys_recorded_at>
        <sys_updated_by>jamie@moderncyber.com</sys_updated_by>
        <sys_updated_on>2023-11-07 00:46:53</sys_updated_on>
        <type>CMDB Integration Studio Entity</type>
        <update_guid>e0cfb975fdd2f190180623c2600bc4ca</update_guid>
        <update_guid_history>e0cfb975fdd2f190180623c2600bc4ca:970586670</update_guid_history>
    </sys_update_version>
    <sys_metadata_delete action="INSERT_OR_UPDATE">
        <sys_audit_delete display_value="Serial Number 1">9d425c7e979af590bd8ff0021153af66</sys_audit_delete>
        <sys_class_name>sys_metadata_delete</sys_class_name>
        <sys_created_by>jamie@moderncyber.com</sys_created_by>
        <sys_created_on>2023-11-07 19:00:56</sys_created_on>
        <sys_db_object display_value="" name="cmdb_inst_entity">cmdb_inst_entity</sys_db_object>
        <sys_id>5036987c83724e24aa50530a3010c290</sys_id>
        <sys_metadata>20cf397597d2f190bd8ff0021153afb2</sys_metadata>
        <sys_mod_count>0</sys_mod_count>
        <sys_name>Serial Number 1</sys_name>
        <sys_package display_value="Cisco ISE" source="x_caci_cisco_ise">4a658575975eb190bd8ff0021153afa7</sys_package>
        <sys_parent/>
        <sys_policy/>
        <sys_scope display_value="Cisco ISE">4a658575975eb190bd8ff0021153afa7</sys_scope>
        <sys_scope_delete display_value="">10fc9f8acba646c69e1a828f564de961</sys_scope_delete>
        <sys_update_name>cmdb_inst_entity_20cf397597d2f190bd8ff0021153afb2</sys_update_name>
        <sys_update_version display_value="cmdb_inst_entity_20cf397597d2f190bd8ff0021153afb2">e8cfb97597d2f190bd8ff0021153afca</sys_update_version>
        <sys_updated_by>jamie@moderncyber.com</sys_updated_by>
        <sys_updated_on>2023-11-07 19:00:56</sys_updated_on>
    </sys_metadata_delete>
</record_update>
