<?xml version="1.0" encoding="UTF-8"?><record_update table="cmdb_inst_entity">
    <cmdb_inst_entity action="DELETE">
        <child_id_field/>
        <lookup_for_entity display_value="IoT Device 1">d97fb17597d2f190bd8ff0021153afb4</lookup_for_entity>
        <name>Serial Number 2</name>
        <parent_entity/>
        <parent_id_field/>
        <path>cmdb_serial_number_2</path>
        <related_for_entity/>
        <relationship_type/>
        <sys_class_name>cmdb_inst_entity</sys_class_name>
        <sys_created_by>jamie@moderncyber.com</sys_created_by>
        <sys_created_on>2023-11-05 15:30:09</sys_created_on>
        <sys_id>aadecd0a97d23590bd8ff0021153af36</sys_id>
        <sys_mod_count>0</sys_mod_count>
        <sys_name>Serial Number 2</sys_name>
        <sys_package display_value="Cisco ISE" source="x_caci_cisco_ise">4a658575975eb190bd8ff0021153afa7</sys_package>
        <sys_policy/>
        <sys_rte_eb_definition display_value="ISE ETL Map">1a6565319752f190bd8ff0021153af57</sys_rte_eb_definition>
        <sys_scope display_value="Cisco ISE">4a658575975eb190bd8ff0021153afa7</sys_scope>
        <sys_update_name>cmdb_inst_entity_aadecd0a97d23590bd8ff0021153af36</sys_update_name>
        <sys_updated_by>jamie@moderncyber.com</sys_updated_by>
        <sys_updated_on>2023-11-05 15:30:09</sys_updated_on>
        <table>cmdb_serial_number</table>
    </cmdb_inst_entity>
    <sys_update_version action="INSERT_OR_UPDATE">
        <action>DELETE</action>
        <application display_value="Cisco ISE">4a658575975eb190bd8ff0021153afa7</application>
        <file_path/>
        <instance_id>c369663adbcb7b0452cec597059619b2</instance_id>
        <instance_name>ven03091</instance_name>
        <name>cmdb_inst_entity_aadecd0a97d23590bd8ff0021153af36</name>
        <payload><![CDATA[<?xml version="1.0" encoding="UTF-8"?><record_update table="cmdb_inst_entity"><cmdb_inst_entity action="INSERT_OR_UPDATE"><child_id_field/><lookup_for_entity display_value="IoT Device 1">d97fb17597d2f190bd8ff0021153afb4</lookup_for_entity><name>Serial Number 2</name><parent_entity/><parent_id_field/><path>cmdb_serial_number_2</path><related_for_entity/><relationship_type/><sys_class_name>cmdb_inst_entity</sys_class_name><sys_created_by>jamie@moderncyber.com</sys_created_by><sys_created_on>2023-11-05 15:30:09</sys_created_on><sys_id>aadecd0a97d23590bd8ff0021153af36</sys_id><sys_mod_count>0</sys_mod_count><sys_name>Serial Number 2</sys_name><sys_package display_value="Cisco ISE" source="x_caci_cisco_ise">4a658575975eb190bd8ff0021153afa7</sys_package><sys_policy/><sys_rte_eb_definition display_value="ISE ETL Map">1a6565319752f190bd8ff0021153af57</sys_rte_eb_definition><sys_scope display_value="Cisco ISE">4a658575975eb190bd8ff0021153afa7</sys_scope><sys_update_name>cmdb_inst_entity_aadecd0a97d23590bd8ff0021153af36</sys_update_name><sys_updated_by>jamie@moderncyber.com</sys_updated_by><sys_updated_on>2023-11-05 15:30:09</sys_updated_on><table>cmdb_serial_number</table></cmdb_inst_entity></record_update>]]></payload>
        <payload_hash>1735698203</payload_hash>
        <record_name>Serial Number 2</record_name>
        <reverted_from/>
        <source>2ed7dce647de3990404f82ae436d43f1</source>
        <source_table>sys_update_set</source_table>
        <state>previous</state>
        <sys_created_by>jamie@moderncyber.com</sys_created_by>
        <sys_created_on>2023-11-05 15:30:09</sys_created_on>
        <sys_id>e6decd0a97d23590bd8ff0021153af38</sys_id>
        <sys_mod_count>1</sys_mod_count>
        <sys_recorded_at>18ba01b0f780000001</sys_recorded_at>
        <sys_updated_by>jamie@moderncyber.com</sys_updated_by>
        <sys_updated_on>2023-11-07 00:46:52</sys_updated_on>
        <type>CMDB Integration Studio Entity</type>
        <update_guid>eedecd0aebd2359075fe312008a26337</update_guid>
        <update_guid_history>eedecd0aebd2359075fe312008a26337:1735698203</update_guid_history>
    </sys_update_version>
    <sys_metadata_delete action="INSERT_OR_UPDATE">
        <sys_audit_delete display_value="Serial Number 2">a67250be979af590bd8ff0021153afa3</sys_audit_delete>
        <sys_class_name>sys_metadata_delete</sys_class_name>
        <sys_created_by>jamie@moderncyber.com</sys_created_by>
        <sys_created_on>2023-11-07 19:01:50</sys_created_on>
        <sys_db_object display_value="" name="cmdb_inst_entity">cmdb_inst_entity</sys_db_object>
        <sys_id>201669990321431c8a804de11fd3d244</sys_id>
        <sys_metadata>aadecd0a97d23590bd8ff0021153af36</sys_metadata>
        <sys_mod_count>0</sys_mod_count>
        <sys_name>Serial Number 2</sys_name>
        <sys_package display_value="Cisco ISE" source="x_caci_cisco_ise">4a658575975eb190bd8ff0021153afa7</sys_package>
        <sys_parent/>
        <sys_policy/>
        <sys_scope display_value="Cisco ISE">4a658575975eb190bd8ff0021153afa7</sys_scope>
        <sys_scope_delete display_value="">10fc9f8acba646c69e1a828f564de961</sys_scope_delete>
        <sys_update_name>cmdb_inst_entity_aadecd0a97d23590bd8ff0021153af36</sys_update_name>
        <sys_update_version display_value="cmdb_inst_entity_aadecd0a97d23590bd8ff0021153af36">e6decd0a97d23590bd8ff0021153af38</sys_update_version>
        <sys_updated_by>jamie@moderncyber.com</sys_updated_by>
        <sys_updated_on>2023-11-07 19:01:50</sys_updated_on>
    </sys_metadata_delete>
</record_update>
