<?xml version="1.0" encoding="UTF-8"?><record_update table="sys_rte_eb_field_mapping">
    <sys_rte_eb_field_mapping action="DELETE">
        <order>100</order>
        <referenced_sys_rte_eb_entity/>
        <source_sys_rte_eb_field display_value="u_mdmserialnumber">b846a9b19752f190bd8ff0021153afbf</source_sys_rte_eb_field>
        <sys_class_name>sys_rte_eb_field_mapping</sys_class_name>
        <sys_created_by>jamie@moderncyber.com</sys_created_by>
        <sys_created_on>2023-11-06 14:13:42</sys_created_on>
        <sys_id>58f60eda97da7590bd8ff0021153afba</sys_id>
        <sys_mod_count>0</sys_mod_count>
        <sys_name/>
        <sys_package display_value="Cisco ISE" source="x_caci_cisco_ise">4a658575975eb190bd8ff0021153afa7</sys_package>
        <sys_policy/>
        <sys_rte_eb_definition display_value="ISE ETL Map">1a6565319752f190bd8ff0021153af57</sys_rte_eb_definition>
        <sys_rte_eb_entity_mapping display_value="tempToSerial Number 3">14f60eda97da7590bd8ff0021153afb6</sys_rte_eb_entity_mapping>
        <sys_scope display_value="Cisco ISE">4a658575975eb190bd8ff0021153afa7</sys_scope>
        <sys_update_name>sys_rte_eb_field_mapping_58f60eda97da7590bd8ff0021153afba</sys_update_name>
        <sys_updated_by>jamie@moderncyber.com</sys_updated_by>
        <sys_updated_on>2023-11-06 14:13:42</sys_updated_on>
        <target_sys_rte_eb_field display_value="serial_number">d8f60eda97da7590bd8ff0021153afb8</target_sys_rte_eb_field>
    </sys_rte_eb_field_mapping>
    <sys_update_version action="INSERT_OR_UPDATE">
        <action>DELETE</action>
        <application display_value="Cisco ISE">4a658575975eb190bd8ff0021153afa7</application>
        <file_path/>
        <instance_id>c369663adbcb7b0452cec597059619b2</instance_id>
        <instance_name>ven03091</instance_name>
        <name>sys_rte_eb_field_mapping_58f60eda97da7590bd8ff0021153afba</name>
        <payload><![CDATA[<?xml version="1.0" encoding="UTF-8"?><record_update table="sys_rte_eb_field_mapping"><sys_rte_eb_field_mapping action="INSERT_OR_UPDATE"><order>100</order><referenced_sys_rte_eb_entity/><source_sys_rte_eb_field display_value="u_mdmserialnumber">b846a9b19752f190bd8ff0021153afbf</source_sys_rte_eb_field><sys_class_name>sys_rte_eb_field_mapping</sys_class_name><sys_created_by>jamie@moderncyber.com</sys_created_by><sys_created_on>2023-11-06 14:13:42</sys_created_on><sys_id>58f60eda97da7590bd8ff0021153afba</sys_id><sys_mod_count>0</sys_mod_count><sys_name/><sys_package display_value="Cisco ISE" source="x_caci_cisco_ise">4a658575975eb190bd8ff0021153afa7</sys_package><sys_policy/><sys_rte_eb_definition display_value="ISE ETL Map">1a6565319752f190bd8ff0021153af57</sys_rte_eb_definition><sys_rte_eb_entity_mapping display_value="tempToSerial Number 3">14f60eda97da7590bd8ff0021153afb6</sys_rte_eb_entity_mapping><sys_scope display_value="Cisco ISE">4a658575975eb190bd8ff0021153afa7</sys_scope><sys_update_name>sys_rte_eb_field_mapping_58f60eda97da7590bd8ff0021153afba</sys_update_name><sys_updated_by>jamie@moderncyber.com</sys_updated_by><sys_updated_on>2023-11-06 14:13:42</sys_updated_on><target_sys_rte_eb_field display_value="serial_number">d8f60eda97da7590bd8ff0021153afb8</target_sys_rte_eb_field></sys_rte_eb_field_mapping></record_update>]]></payload>
        <payload_hash>1435808580</payload_hash>
        <record_name/>
        <reverted_from/>
        <source>2ed7dce647de3990404f82ae436d43f1</source>
        <source_table>sys_update_set</source_table>
        <state>previous</state>
        <sys_created_by>jamie@moderncyber.com</sys_created_by>
        <sys_created_on>2023-11-06 14:13:42</sys_created_on>
        <sys_id>d8f64eda97da7590bd8ff0021153afff</sys_id>
        <sys_mod_count>1</sys_mod_count>
        <sys_recorded_at>18ba4fb6d290000001</sys_recorded_at>
        <sys_updated_by>jamie@moderncyber.com</sys_updated_by>
        <sys_updated_on>2023-11-07 00:46:52</sys_updated_on>
        <type>Robust Transform Engine Entity Field Map</type>
        <update_guid>d0f64edaadda759043c0edc93026d2ff</update_guid>
        <update_guid_history>d0f64edaadda759043c0edc93026d2ff:1435808580</update_guid_history>
    </sys_update_version>
    <sys_metadata_delete action="INSERT_OR_UPDATE">
        <sys_audit_delete/>
        <sys_class_name>sys_metadata_delete</sys_class_name>
        <sys_created_by>jamie@moderncyber.com</sys_created_by>
        <sys_created_on>2023-11-07 19:02:10</sys_created_on>
        <sys_db_object display_value="" name="sys_rte_eb_field_mapping">sys_rte_eb_field_mapping</sys_db_object>
        <sys_id>14b839acdb704f2a94012ddd434095a1</sys_id>
        <sys_metadata>58f60eda97da7590bd8ff0021153afba</sys_metadata>
        <sys_mod_count>0</sys_mod_count>
        <sys_name/>
        <sys_package display_value="Cisco ISE" source="x_caci_cisco_ise">4a658575975eb190bd8ff0021153afa7</sys_package>
        <sys_parent/>
        <sys_policy/>
        <sys_scope display_value="Cisco ISE">4a658575975eb190bd8ff0021153afa7</sys_scope>
        <sys_scope_delete display_value="">10fc9f8acba646c69e1a828f564de961</sys_scope_delete>
        <sys_update_name>sys_rte_eb_field_mapping_58f60eda97da7590bd8ff0021153afba</sys_update_name>
        <sys_update_version display_value="sys_rte_eb_field_mapping_58f60eda97da7590bd8ff0021153afba">d8f64eda97da7590bd8ff0021153afff</sys_update_version>
        <sys_updated_by>jamie@moderncyber.com</sys_updated_by>
        <sys_updated_on>2023-11-07 19:02:10</sys_updated_on>
    </sys_metadata_delete>
</record_update>
