<?xml version="1.0" encoding="UTF-8"?><record_update table="sys_rte_eb_field">
    <sys_rte_eb_field action="DELETE">
        <field>serial_number</field>
        <name>serial_number</name>
        <sys_class_name>sys_rte_eb_field</sys_class_name>
        <sys_created_by>jamie@moderncyber.com</sys_created_by>
        <sys_created_on>2023-11-05 00:25:22</sys_created_on>
        <sys_id>e4cfb97597d2f190bd8ff0021153afcd</sys_id>
        <sys_mod_count>0</sys_mod_count>
        <sys_name>serial_number</sys_name>
        <sys_package display_value="Cisco ISE" source="x_caci_cisco_ise">4a658575975eb190bd8ff0021153afa7</sys_package>
        <sys_policy/>
        <sys_rte_eb_definition display_value="ISE ETL Map">1a6565319752f190bd8ff0021153af57</sys_rte_eb_definition>
        <sys_rte_eb_entity display_value="Serial Number 1">20cf397597d2f190bd8ff0021153afb2</sys_rte_eb_entity>
        <sys_scope display_value="Cisco ISE">4a658575975eb190bd8ff0021153afa7</sys_scope>
        <sys_update_name>sys_rte_eb_field_e4cfb97597d2f190bd8ff0021153afcd</sys_update_name>
        <sys_updated_by>jamie@moderncyber.com</sys_updated_by>
        <sys_updated_on>2023-11-05 00:25:22</sys_updated_on>
    </sys_rte_eb_field>
    <sys_update_version action="INSERT_OR_UPDATE">
        <action>DELETE</action>
        <application display_value="Cisco ISE">4a658575975eb190bd8ff0021153afa7</application>
        <file_path/>
        <instance_id>c369663adbcb7b0452cec597059619b2</instance_id>
        <instance_name>ven03091</instance_name>
        <name>sys_rte_eb_field_e4cfb97597d2f190bd8ff0021153afcd</name>
        <payload><![CDATA[<?xml version="1.0" encoding="UTF-8"?><record_update table="sys_rte_eb_field"><sys_rte_eb_field action="INSERT_OR_UPDATE"><field>serial_number</field><name>serial_number</name><sys_class_name>sys_rte_eb_field</sys_class_name><sys_created_by>jamie@moderncyber.com</sys_created_by><sys_created_on>2023-11-05 00:25:22</sys_created_on><sys_id>e4cfb97597d2f190bd8ff0021153afcd</sys_id><sys_mod_count>0</sys_mod_count><sys_name>serial_number</sys_name><sys_package display_value="Cisco ISE" source="x_caci_cisco_ise">4a658575975eb190bd8ff0021153afa7</sys_package><sys_policy/><sys_rte_eb_definition display_value="ISE ETL Map">1a6565319752f190bd8ff0021153af57</sys_rte_eb_definition><sys_rte_eb_entity display_value="Serial Number 1">20cf397597d2f190bd8ff0021153afb2</sys_rte_eb_entity><sys_scope display_value="Cisco ISE">4a658575975eb190bd8ff0021153afa7</sys_scope><sys_update_name>sys_rte_eb_field_e4cfb97597d2f190bd8ff0021153afcd</sys_update_name><sys_updated_by>jamie@moderncyber.com</sys_updated_by><sys_updated_on>2023-11-05 00:25:22</sys_updated_on></sys_rte_eb_field></record_update>]]></payload>
        <payload_hash>136377151</payload_hash>
        <record_name>serial_number</record_name>
        <reverted_from/>
        <source>2ed7dce647de3990404f82ae436d43f1</source>
        <source_table>sys_update_set</source_table>
        <state>previous</state>
        <sys_created_by>jamie@moderncyber.com</sys_created_by>
        <sys_created_on>2023-11-05 00:25:22</sys_created_on>
        <sys_id>60cfb97597d2f190bd8ff0021153afcf</sys_id>
        <sys_mod_count>1</sys_mod_count>
        <sys_recorded_at>18b9cdeb3050000001</sys_recorded_at>
        <sys_updated_by>jamie@moderncyber.com</sys_updated_by>
        <sys_updated_on>2023-11-07 00:46:53</sys_updated_on>
        <type>Robust Transform Engine Entity Field</type>
        <update_guid>68cfb9753fd2f190032361d108ab5ace</update_guid>
        <update_guid_history>68cfb9753fd2f190032361d108ab5ace:136377151</update_guid_history>
    </sys_update_version>
    <sys_metadata_delete action="INSERT_OR_UPDATE">
        <sys_audit_delete/>
        <sys_class_name>sys_metadata_delete</sys_class_name>
        <sys_created_by>jamie@moderncyber.com</sys_created_by>
        <sys_created_on>2023-11-07 19:00:55</sys_created_on>
        <sys_db_object display_value="" name="sys_rte_eb_field">sys_rte_eb_field</sys_db_object>
        <sys_id>473d55da0c6842989cea94ba19aefa24</sys_id>
        <sys_metadata>e4cfb97597d2f190bd8ff0021153afcd</sys_metadata>
        <sys_mod_count>0</sys_mod_count>
        <sys_name>serial_number</sys_name>
        <sys_package display_value="Cisco ISE" source="x_caci_cisco_ise">4a658575975eb190bd8ff0021153afa7</sys_package>
        <sys_parent/>
        <sys_policy/>
        <sys_scope display_value="Cisco ISE">4a658575975eb190bd8ff0021153afa7</sys_scope>
        <sys_scope_delete display_value="">10fc9f8acba646c69e1a828f564de961</sys_scope_delete>
        <sys_update_name>sys_rte_eb_field_e4cfb97597d2f190bd8ff0021153afcd</sys_update_name>
        <sys_update_version display_value="sys_rte_eb_field_e4cfb97597d2f190bd8ff0021153afcd">60cfb97597d2f190bd8ff0021153afcf</sys_update_version>
        <sys_updated_by>jamie@moderncyber.com</sys_updated_by>
        <sys_updated_on>2023-11-07 19:00:55</sys_updated_on>
    </sys_metadata_delete>
</record_update>
