<?xml version="1.0" encoding="UTF-8"?><record_update table="sys_rte_eb_entity_mapping">
    <sys_rte_eb_entity_mapping action="DELETE">
        <condition_script><![CDATA[/*  Example Script  (function() {          //step1: access the input variables         if (input && input.temp.u_type == 'Disk') {         //step2: return true/false             return true;         }         return false;  })(); */  (function(input) {     // Add your code here. })(input);]]></condition_script>
        <encoded_query/>
        <entity_mapping_group/>
        <ignore>false</ignore>
        <is_conditional>false</is_conditional>
        <name>tempToNetwork Adapter 2</name>
        <order>100</order>
        <source_sys_rte_eb_entity display_value="temp">5c4629b19752f190bd8ff0021153af44</source_sys_rte_eb_entity>
        <sys_class_name>sys_rte_eb_entity_mapping</sys_class_name>
        <sys_created_by>jamie@moderncyber.com</sys_created_by>
        <sys_created_on>2023-11-05 15:29:09</sys_created_on>
        <sys_id>ff9e890a97d23590bd8ff0021153af52</sys_id>
        <sys_mod_count>0</sys_mod_count>
        <sys_name>tempToNetwork Adapter 2</sys_name>
        <sys_package display_value="Cisco ISE" source="x_caci_cisco_ise">4a658575975eb190bd8ff0021153afa7</sys_package>
        <sys_policy/>
        <sys_rte_eb_definition display_value="ISE ETL Map">1a6565319752f190bd8ff0021153af57</sys_rte_eb_definition>
        <sys_scope display_value="Cisco ISE">4a658575975eb190bd8ff0021153afa7</sys_scope>
        <sys_update_name>sys_rte_eb_entity_mapping_ff9e890a97d23590bd8ff0021153af52</sys_update_name>
        <sys_updated_by>jamie@moderncyber.com</sys_updated_by>
        <sys_updated_on>2023-11-05 15:29:09</sys_updated_on>
        <target_sys_rte_eb_entity display_value="Network Adapter 2">7f9e090a97d23590bd8ff0021153af5e</target_sys_rte_eb_entity>
    </sys_rte_eb_entity_mapping>
    <sys_update_version action="INSERT_OR_UPDATE">
        <action>DELETE</action>
        <application display_value="Cisco ISE">4a658575975eb190bd8ff0021153afa7</application>
        <file_path/>
        <instance_id>c369663adbcb7b0452cec597059619b2</instance_id>
        <instance_name>ven03091</instance_name>
        <name>sys_rte_eb_entity_mapping_ff9e890a97d23590bd8ff0021153af52</name>
        <payload>&lt;?xml version="1.0" encoding="UTF-8"?&gt;&lt;record_update table="sys_rte_eb_entity_mapping"&gt;&lt;sys_rte_eb_entity_mapping action="INSERT_OR_UPDATE"&gt;&lt;condition_script&gt;&lt;![CDATA[/*  Example Script  (function() {          //step1: access the input variables         if (input &amp;&amp; input.temp.u_type == 'Disk') {         //step2: return true/false             return true;         }         return false;  })(); */  (function(input) {     // Add your code here. })(input);]]&gt;&lt;/condition_script&gt;&lt;encoded_query/&gt;&lt;entity_mapping_group/&gt;&lt;ignore&gt;false&lt;/ignore&gt;&lt;is_conditional&gt;false&lt;/is_conditional&gt;&lt;name&gt;tempToNetwork Adapter 2&lt;/name&gt;&lt;order&gt;100&lt;/order&gt;&lt;source_sys_rte_eb_entity display_value="temp"&gt;5c4629b19752f190bd8ff0021153af44&lt;/source_sys_rte_eb_entity&gt;&lt;sys_class_name&gt;sys_rte_eb_entity_mapping&lt;/sys_class_name&gt;&lt;sys_created_by&gt;jamie@moderncyber.com&lt;/sys_created_by&gt;&lt;sys_created_on&gt;2023-11-05 15:29:09&lt;/sys_created_on&gt;&lt;sys_id&gt;ff9e890a97d23590bd8ff0021153af52&lt;/sys_id&gt;&lt;sys_mod_count&gt;0&lt;/sys_mod_count&gt;&lt;sys_name&gt;tempToNetwork Adapter 2&lt;/sys_name&gt;&lt;sys_package display_value="Cisco ISE" source="x_caci_cisco_ise"&gt;4a658575975eb190bd8ff0021153afa7&lt;/sys_package&gt;&lt;sys_policy/&gt;&lt;sys_rte_eb_definition display_value="ISE ETL Map"&gt;1a6565319752f190bd8ff0021153af57&lt;/sys_rte_eb_definition&gt;&lt;sys_scope display_value="Cisco ISE"&gt;4a658575975eb190bd8ff0021153afa7&lt;/sys_scope&gt;&lt;sys_update_name&gt;sys_rte_eb_entity_mapping_ff9e890a97d23590bd8ff0021153af52&lt;/sys_update_name&gt;&lt;sys_updated_by&gt;jamie@moderncyber.com&lt;/sys_updated_by&gt;&lt;sys_updated_on&gt;2023-11-05 15:29:09&lt;/sys_updated_on&gt;&lt;target_sys_rte_eb_entity display_value="Network Adapter 2"&gt;7f9e090a97d23590bd8ff0021153af5e&lt;/target_sys_rte_eb_entity&gt;&lt;/sys_rte_eb_entity_mapping&gt;&lt;/record_update&gt;</payload>
        <payload_hash>-723977079</payload_hash>
        <record_name>tempToNetwork Adapter 2</record_name>
        <reverted_from/>
        <source>2ed7dce647de3990404f82ae436d43f1</source>
        <source_table>sys_update_set</source_table>
        <state>previous</state>
        <sys_created_by>jamie@moderncyber.com</sys_created_by>
        <sys_created_on>2023-11-05 15:29:09</sys_created_on>
        <sys_id>bf9e890a97d23590bd8ff0021153af54</sys_id>
        <sys_mod_count>1</sys_mod_count>
        <sys_recorded_at>18ba01a23f00000001</sys_recorded_at>
        <sys_updated_by>jamie@moderncyber.com</sys_updated_by>
        <sys_updated_on>2023-11-07 00:46:53</sys_updated_on>
        <type>Robust Transform Engine Entity Mapping</type>
        <update_guid>b79e890ac7d2359040175c5914049854</update_guid>
        <update_guid_history>b79e890ac7d2359040175c5914049854:-723977079</update_guid_history>
    </sys_update_version>
    <sys_metadata_delete action="INSERT_OR_UPDATE">
        <sys_audit_delete/>
        <sys_class_name>sys_metadata_delete</sys_class_name>
        <sys_created_by>jamie@moderncyber.com</sys_created_by>
        <sys_created_on>2023-11-05 15:29:14</sys_created_on>
        <sys_db_object display_value="" name="sys_rte_eb_entity_mapping">sys_rte_eb_entity_mapping</sys_db_object>
        <sys_id>07419b1f712c42708611f37b533dab91</sys_id>
        <sys_metadata>ff9e890a97d23590bd8ff0021153af52</sys_metadata>
        <sys_mod_count>0</sys_mod_count>
        <sys_name>tempToNetwork Adapter 2</sys_name>
        <sys_package display_value="Cisco ISE" source="x_caci_cisco_ise">4a658575975eb190bd8ff0021153afa7</sys_package>
        <sys_parent/>
        <sys_policy/>
        <sys_scope display_value="Cisco ISE">4a658575975eb190bd8ff0021153afa7</sys_scope>
        <sys_scope_delete display_value="">10fc9f8acba646c69e1a828f564de961</sys_scope_delete>
        <sys_update_name>sys_rte_eb_entity_mapping_ff9e890a97d23590bd8ff0021153af52</sys_update_name>
        <sys_update_version display_value="sys_rte_eb_entity_mapping_ff9e890a97d23590bd8ff0021153af52">bf9e890a97d23590bd8ff0021153af54</sys_update_version>
        <sys_updated_by>jamie@moderncyber.com</sys_updated_by>
        <sys_updated_on>2023-11-05 15:29:14</sys_updated_on>
    </sys_metadata_delete>
</record_update>
