<?xml version="1.0" encoding="UTF-8"?><record_update table="sys_rte_eb_field">
    <sys_rte_eb_field action="DELETE">
        <field>name</field>
        <name>name</name>
        <sys_class_name>sys_rte_eb_field</sys_class_name>
        <sys_created_by>jamie@moderncyber.com</sys_created_by>
        <sys_created_on>2023-11-05 15:29:09</sys_created_on>
        <sys_id>bb9e890a97d23590bd8ff0021153af55</sys_id>
        <sys_mod_count>0</sys_mod_count>
        <sys_name>name</sys_name>
        <sys_package display_value="Cisco ISE" source="x_caci_cisco_ise">4a658575975eb190bd8ff0021153afa7</sys_package>
        <sys_policy/>
        <sys_rte_eb_definition display_value="ISE ETL Map">1a6565319752f190bd8ff0021153af57</sys_rte_eb_definition>
        <sys_rte_eb_entity display_value="Network Adapter 2">7f9e090a97d23590bd8ff0021153af5e</sys_rte_eb_entity>
        <sys_scope display_value="Cisco ISE">4a658575975eb190bd8ff0021153afa7</sys_scope>
        <sys_update_name>sys_rte_eb_field_bb9e890a97d23590bd8ff0021153af55</sys_update_name>
        <sys_updated_by>jamie@moderncyber.com</sys_updated_by>
        <sys_updated_on>2023-11-05 15:29:09</sys_updated_on>
    </sys_rte_eb_field>
    <sys_update_version action="INSERT_OR_UPDATE">
        <action>DELETE</action>
        <application display_value="Cisco ISE">4a658575975eb190bd8ff0021153afa7</application>
        <file_path/>
        <instance_id>c369663adbcb7b0452cec597059619b2</instance_id>
        <instance_name>ven03091</instance_name>
        <name>sys_rte_eb_field_bb9e890a97d23590bd8ff0021153af55</name>
        <payload><![CDATA[<?xml version="1.0" encoding="UTF-8"?><record_update table="sys_rte_eb_field"><sys_rte_eb_field action="INSERT_OR_UPDATE"><field>name</field><name>name</name><sys_class_name>sys_rte_eb_field</sys_class_name><sys_created_by>jamie@moderncyber.com</sys_created_by><sys_created_on>2023-11-05 15:29:09</sys_created_on><sys_id>bb9e890a97d23590bd8ff0021153af55</sys_id><sys_mod_count>0</sys_mod_count><sys_name>name</sys_name><sys_package display_value="Cisco ISE" source="x_caci_cisco_ise">4a658575975eb190bd8ff0021153afa7</sys_package><sys_policy/><sys_rte_eb_definition display_value="ISE ETL Map">1a6565319752f190bd8ff0021153af57</sys_rte_eb_definition><sys_rte_eb_entity display_value="Network Adapter 2">7f9e090a97d23590bd8ff0021153af5e</sys_rte_eb_entity><sys_scope display_value="Cisco ISE">4a658575975eb190bd8ff0021153afa7</sys_scope><sys_update_name>sys_rte_eb_field_bb9e890a97d23590bd8ff0021153af55</sys_update_name><sys_updated_by>jamie@moderncyber.com</sys_updated_by><sys_updated_on>2023-11-05 15:29:09</sys_updated_on></sys_rte_eb_field></record_update>]]></payload>
        <payload_hash>-1955894538</payload_hash>
        <record_name>name</record_name>
        <reverted_from/>
        <source>2ed7dce647de3990404f82ae436d43f1</source>
        <source_table>sys_update_set</source_table>
        <state>previous</state>
        <sys_created_by>jamie@moderncyber.com</sys_created_by>
        <sys_created_on>2023-11-05 15:29:09</sys_created_on>
        <sys_id>3b9e890a97d23590bd8ff0021153af57</sys_id>
        <sys_mod_count>1</sys_mod_count>
        <sys_recorded_at>18ba01a24140000001</sys_recorded_at>
        <sys_updated_by>jamie@moderncyber.com</sys_updated_by>
        <sys_updated_on>2023-11-07 00:46:53</sys_updated_on>
        <type>Robust Transform Engine Entity Field</type>
        <update_guid>339e890a53d23590b14c93795a110357</update_guid>
        <update_guid_history>339e890a53d23590b14c93795a110357:-1955894538</update_guid_history>
    </sys_update_version>
    <sys_metadata_delete action="INSERT_OR_UPDATE">
        <sys_audit_delete/>
        <sys_class_name>sys_metadata_delete</sys_class_name>
        <sys_created_by>jamie@moderncyber.com</sys_created_by>
        <sys_created_on>2023-11-05 15:29:14</sys_created_on>
        <sys_db_object display_value="" name="sys_rte_eb_field">sys_rte_eb_field</sys_db_object>
        <sys_id>6d510b2fe0834488b064406c8ef7a640</sys_id>
        <sys_metadata>bb9e890a97d23590bd8ff0021153af55</sys_metadata>
        <sys_mod_count>0</sys_mod_count>
        <sys_name>name</sys_name>
        <sys_package display_value="Cisco ISE" source="x_caci_cisco_ise">4a658575975eb190bd8ff0021153afa7</sys_package>
        <sys_parent/>
        <sys_policy/>
        <sys_scope display_value="Cisco ISE">4a658575975eb190bd8ff0021153afa7</sys_scope>
        <sys_scope_delete display_value="">10fc9f8acba646c69e1a828f564de961</sys_scope_delete>
        <sys_update_name>sys_rte_eb_field_bb9e890a97d23590bd8ff0021153af55</sys_update_name>
        <sys_update_version display_value="sys_rte_eb_field_bb9e890a97d23590bd8ff0021153af55">3b9e890a97d23590bd8ff0021153af57</sys_update_version>
        <sys_updated_by>jamie@moderncyber.com</sys_updated_by>
        <sys_updated_on>2023-11-05 15:29:14</sys_updated_on>
    </sys_metadata_delete>
</record_update>
