<?xml version="1.0" encoding="UTF-8"?><record_update table="sys_rte_eb_to_date_operation">
    <sys_rte_eb_to_date_operation action="DELETE">
        <conditional_fields/>
        <conditional_script/>
        <date_format>yyyy-mm-dd*hh:mm:ss*</date_format>
        <is_conditional>false</is_conditional>
        <name>Convert to Date - u_timestamp</name>
        <operation_group/>
        <order>400</order>
        <source_sys_rte_eb_field display_value="u_timestamp">f846e9b19752f190bd8ff0021153af2a</source_sys_rte_eb_field>
        <source_sys_rte_eb_fields/>
        <sys_class_name>sys_rte_eb_to_date_operation</sys_class_name>
        <sys_created_by>jamie@moderncyber.com</sys_created_by>
        <sys_created_on>2023-11-05 00:04:03</sys_created_on>
        <sys_id>e0ea7dbd9792f190bd8ff0021153af79</sys_id>
        <sys_mod_count>3</sys_mod_count>
        <sys_name>Convert to Date - u_timestamp</sys_name>
        <sys_package display_value="Cisco ISE" source="x_caci_cisco_ise">4a658575975eb190bd8ff0021153afa7</sys_package>
        <sys_policy/>
        <sys_rte_eb_definition display_value="ISE ETL Map">1a6565319752f190bd8ff0021153af57</sys_rte_eb_definition>
        <sys_rte_eb_entity display_value="temp">5c4629b19752f190bd8ff0021153af44</sys_rte_eb_entity>
        <sys_scope display_value="Cisco ISE">4a658575975eb190bd8ff0021153afa7</sys_scope>
        <sys_update_name>sys_rte_eb_to_date_operation_e0ea7dbd9792f190bd8ff0021153af79</sys_update_name>
        <sys_updated_by>jamie@moderncyber.com</sys_updated_by>
        <sys_updated_on>2023-11-05 00:06:14</sys_updated_on>
        <target_sys_rte_eb_field display_value="u_ts">ecea7dbd9792f190bd8ff0021153af76</target_sys_rte_eb_field>
        <target_sys_rte_eb_fields/>
        <type display_value="Convert to Date">d939451e730000102b6265a751ab9e6e</type>
    </sys_rte_eb_to_date_operation>
    <sys_update_version action="INSERT_OR_UPDATE">
        <action>DELETE</action>
        <application display_value="Cisco ISE">4a658575975eb190bd8ff0021153afa7</application>
        <file_path/>
        <instance_id>c369663adbcb7b0452cec597059619b2</instance_id>
        <instance_name>ven03091</instance_name>
        <name>sys_rte_eb_to_date_operation_e0ea7dbd9792f190bd8ff0021153af79</name>
        <payload><![CDATA[<?xml version="1.0" encoding="UTF-8"?><record_update table="sys_rte_eb_to_date_operation"><sys_rte_eb_to_date_operation action="INSERT_OR_UPDATE"><conditional_fields/><conditional_script/><date_format>yyyy-mm-dd*hh:mm:ss*</date_format><is_conditional>false</is_conditional><name>Convert to Date - u_timestamp</name><operation_group/><order>400</order><source_sys_rte_eb_field display_value="u_timestamp">f846e9b19752f190bd8ff0021153af2a</source_sys_rte_eb_field><source_sys_rte_eb_fields/><sys_class_name>sys_rte_eb_to_date_operation</sys_class_name><sys_created_by>jamie@moderncyber.com</sys_created_by><sys_created_on>2023-11-05 00:04:03</sys_created_on><sys_id>e0ea7dbd9792f190bd8ff0021153af79</sys_id><sys_mod_count>3</sys_mod_count><sys_name>Convert to Date - u_timestamp</sys_name><sys_package display_value="Cisco ISE" source="x_caci_cisco_ise">4a658575975eb190bd8ff0021153afa7</sys_package><sys_policy/><sys_rte_eb_definition display_value="ISE ETL Map">1a6565319752f190bd8ff0021153af57</sys_rte_eb_definition><sys_rte_eb_entity display_value="temp">5c4629b19752f190bd8ff0021153af44</sys_rte_eb_entity><sys_scope display_value="Cisco ISE">4a658575975eb190bd8ff0021153afa7</sys_scope><sys_update_name>sys_rte_eb_to_date_operation_e0ea7dbd9792f190bd8ff0021153af79</sys_update_name><sys_updated_by>jamie@moderncyber.com</sys_updated_by><sys_updated_on>2023-11-05 00:06:14</sys_updated_on><target_sys_rte_eb_field display_value="u_ts">ecea7dbd9792f190bd8ff0021153af76</target_sys_rte_eb_field><target_sys_rte_eb_fields/><type display_value="Convert to Date">d939451e730000102b6265a751ab9e6e</type></sys_rte_eb_to_date_operation></record_update>]]></payload>
        <payload_hash>-1095490073</payload_hash>
        <record_name>Convert to Date - u_timestamp</record_name>
        <reverted_from/>
        <source>2ed7dce647de3990404f82ae436d43f1</source>
        <source_table>sys_update_set</source_table>
        <state>previous</state>
        <sys_created_by>jamie@moderncyber.com</sys_created_by>
        <sys_created_on>2023-11-05 00:06:14</sys_created_on>
        <sys_id>186b75fd9792f190bd8ff0021153af17</sys_id>
        <sys_mod_count>1</sys_mod_count>
        <sys_recorded_at>18b9ccd2d060000001</sys_recorded_at>
        <sys_updated_by>jamie@moderncyber.com</sys_updated_by>
        <sys_updated_on>2023-11-07 00:46:53</sys_updated_on>
        <type>Robust Transform Engine Entity Convert t</type>
        <update_guid>dc6b75fd0692f1907fd8e88777e94216</update_guid>
        <update_guid_history>dc6b75fd0692f1907fd8e88777e94216:-1095490073,db4b39fded92f19075a74258aaf13b23:752187459,19fa71fdba92f19081b74bf1a3579557:1197878289,aceab1fd0692f190b79a46ffd0e40e0b:-588448849</update_guid_history>
    </sys_update_version>
    <sys_metadata_delete action="INSERT_OR_UPDATE">
        <sys_audit_delete/>
        <sys_class_name>sys_metadata_delete</sys_class_name>
        <sys_created_by>jamie@moderncyber.com</sys_created_by>
        <sys_created_on>2023-11-05 00:13:33</sys_created_on>
        <sys_db_object display_value="" name="sys_rte_eb_to_date_operation">sys_rte_eb_to_date_operation</sys_db_object>
        <sys_id>45d878555ffd475c9700b80493b50f64</sys_id>
        <sys_metadata>e0ea7dbd9792f190bd8ff0021153af79</sys_metadata>
        <sys_mod_count>0</sys_mod_count>
        <sys_name>Convert to Date - u_timestamp</sys_name>
        <sys_package display_value="Cisco ISE" source="x_caci_cisco_ise">4a658575975eb190bd8ff0021153afa7</sys_package>
        <sys_parent/>
        <sys_policy/>
        <sys_scope display_value="Cisco ISE">4a658575975eb190bd8ff0021153afa7</sys_scope>
        <sys_scope_delete display_value="">10fc9f8acba646c69e1a828f564de961</sys_scope_delete>
        <sys_update_name>sys_rte_eb_to_date_operation_e0ea7dbd9792f190bd8ff0021153af79</sys_update_name>
        <sys_update_version display_value="sys_rte_eb_to_date_operation_e0ea7dbd9792f190bd8ff0021153af79">186b75fd9792f190bd8ff0021153af17</sys_update_version>
        <sys_updated_by>jamie@moderncyber.com</sys_updated_by>
        <sys_updated_on>2023-11-05 00:13:33</sys_updated_on>
    </sys_metadata_delete>
</record_update>
