<?xml version="1.0" encoding="UTF-8"?><record_update table="cmdb_inst_entity">
    <cmdb_inst_entity action="INSERT_OR_UPDATE">
        <child_id_field/>
        <lookup_for_entity/>
        <name>IP Phone</name>
        <parent_entity/>
        <parent_id_field/>
        <path>cmdb_ci_ip_phone_1</path>
        <related_for_entity/>
        <relationship_type/>
        <sys_class_name>cmdb_inst_entity</sys_class_name>
        <sys_created_by>jamie@moderncyber.com</sys_created_by>
        <sys_created_on>2023-11-05 00:24:03</sys_created_on>
        <sys_id>d97fb17597d2f190bd8ff0021153af7a</sys_id>
        <sys_mod_count>1</sys_mod_count>
        <sys_name>IP Phone</sys_name>
        <sys_package display_value="Cisco ISE" source="x_caci_cisco_ise">4a658575975eb190bd8ff0021153afa7</sys_package>
        <sys_policy/>
        <sys_rte_eb_definition display_value="ISE ETL Map">1a6565319752f190bd8ff0021153af57</sys_rte_eb_definition>
        <sys_scope display_value="Cisco ISE">4a658575975eb190bd8ff0021153afa7</sys_scope>
        <sys_update_name>cmdb_inst_entity_d97fb17597d2f190bd8ff0021153af7a</sys_update_name>
        <sys_updated_by>jamie@moderncyber.com</sys_updated_by>
        <sys_updated_on>2023-11-06 14:12:45</sys_updated_on>
        <table>cmdb_ci_ip_phone</table>
    </cmdb_inst_entity>
</record_update>
