<?xml version="1.0" encoding="UTF-8"?><record_update table="cmdb_inst_application">
    <cmdb_inst_application action="INSERT_OR_UPDATE">
        <discovery_source>Cisco ISE</discovery_source>
        <name>Cisco ISE</name>
        <sys_class_name>cmdb_inst_application</sys_class_name>
        <sys_created_by>jamie@moderncyber.com</sys_created_by>
        <sys_created_on>2023-11-04 22:30:15</sys_created_on>
        <sys_id>5a6569319752f190bd8ff0021153afa1</sys_id>
        <sys_mod_count>0</sys_mod_count>
        <sys_name>Cisco ISE</sys_name>
        <sys_package display_value="Cisco ISE" source="x_caci_cisco_ise">4a658575975eb190bd8ff0021153afa7</sys_package>
        <sys_policy/>
        <sys_scope display_value="Cisco ISE">4a658575975eb190bd8ff0021153afa7</sys_scope>
        <sys_update_name>cmdb_inst_application_5a6569319752f190bd8ff0021153afa1</sys_update_name>
        <sys_updated_by>jamie@moderncyber.com</sys_updated_by>
        <sys_updated_on>2023-11-04 22:30:15</sys_updated_on>
    </cmdb_inst_application>
</record_update>
