<?xml version="1.0" encoding="UTF-8"?><record_update table="cmdb_inst_entity">
    <cmdb_inst_entity action="INSERT_OR_UPDATE">
        <child_id_field/>
        <lookup_for_entity display_value="Handheld Computing Device">597fb17597d2f190bd8ff0021153afb0</lookup_for_entity>
        <name>Serial Number 4</name>
        <parent_entity/>
        <parent_id_field/>
        <path>cmdb_serial_number_4</path>
        <related_for_entity/>
        <relationship_type/>
        <sys_class_name>cmdb_inst_entity</sys_class_name>
        <sys_created_by>jamie@moderncyber.com</sys_created_by>
        <sys_created_on>2023-11-06 16:45:07</sys_created_on>
        <sys_id>9a99e21a979e7590bd8ff0021153af52</sys_id>
        <sys_mod_count>0</sys_mod_count>
        <sys_name>Serial Number 4</sys_name>
        <sys_package display_value="Cisco ISE" source="x_caci_cisco_ise">4a658575975eb190bd8ff0021153afa7</sys_package>
        <sys_policy/>
        <sys_rte_eb_definition display_value="ISE ETL Map">1a6565319752f190bd8ff0021153af57</sys_rte_eb_definition>
        <sys_scope display_value="Cisco ISE">4a658575975eb190bd8ff0021153afa7</sys_scope>
        <sys_update_name>cmdb_inst_entity_9a99e21a979e7590bd8ff0021153af52</sys_update_name>
        <sys_updated_by>jamie@moderncyber.com</sys_updated_by>
        <sys_updated_on>2023-11-06 16:45:07</sys_updated_on>
        <table>cmdb_serial_number</table>
    </cmdb_inst_entity>
</record_update>
