<?xml version="1.0" encoding="UTF-8"?><record_update table="cmdb_inst_entity">
    <cmdb_inst_entity action="INSERT_OR_UPDATE">
        <child_id_field/>
        <lookup_for_entity display_value="IoT Device">d97fb17597d2f190bd8ff0021153afb4</lookup_for_entity>
        <name>Network Adapter 2</name>
        <parent_entity/>
        <parent_id_field/>
        <path>cmdb_ci_network_adapter_2</path>
        <related_for_entity/>
        <relationship_type/>
        <sys_class_name>cmdb_inst_entity</sys_class_name>
        <sys_created_by>jamie@moderncyber.com</sys_created_by>
        <sys_created_on>2023-11-05 15:30:19</sys_created_on>
        <sys_id>7ceecd0a97d23590bd8ff0021153afbc</sys_id>
        <sys_mod_count>0</sys_mod_count>
        <sys_name>Network Adapter 2</sys_name>
        <sys_package display_value="Cisco ISE" source="x_caci_cisco_ise">4a658575975eb190bd8ff0021153afa7</sys_package>
        <sys_policy/>
        <sys_rte_eb_definition display_value="ISE ETL Map">1a6565319752f190bd8ff0021153af57</sys_rte_eb_definition>
        <sys_scope display_value="Cisco ISE">4a658575975eb190bd8ff0021153afa7</sys_scope>
        <sys_update_name>cmdb_inst_entity_7ceecd0a97d23590bd8ff0021153afbc</sys_update_name>
        <sys_updated_by>jamie@moderncyber.com</sys_updated_by>
        <sys_updated_on>2023-11-05 15:30:19</sys_updated_on>
        <table>cmdb_ci_network_adapter</table>
    </cmdb_inst_entity>
</record_update>
