<?xml version="1.0" encoding="UTF-8"?><record_update table="scheduled_import_set">
    <scheduled_import_set action="INSERT_OR_UPDATE">
        <active>false</active>
        <business_calendar/>
        <concurrent_import>false</concurrent_import>
        <condition/>
        <conditional>false</conditional>
        <connection_override/>
        <data_source display_value="Cisco ISE Sessions">056759f997deb190bd8ff0021153afa7</data_source>
        <entered_time/>
        <map/>
        <name>ISE Import Schedule</name>
        <offset/>
        <offset_type>0</offset_type>
        <order/>
        <parent/>
        <partition_method>roundRobin</partition_method>
        <partition_script><![CDATA[(function partitionHash(import_set_row) {

	// Add your code here
	
	// eg:
	// return import_set_row.u_important_category;
	// This would ensure all rows with the same 'u_important_category' value will be in the same Import Set.

	 return import_set_row.sys_import_row;

})(import_set_row);]]></partition_script>
        <partition_size/>
        <post_script/>
        <post_script_bool>false</post_script_bool>
        <pre_script/>
        <pre_script_bool>false</pre_script_bool>
        <record_source>regular</record_source>
        <run_as display_value="jamie S">666f94d797d8fd90bd8ff0021153afd1</run_as>
        <run_as_tz/>
        <run_dayofmonth>1</run_dayofmonth>
        <run_dayofweek>1</run_dayofweek>
        <run_period>1970-01-01 01:00:00</run_period>
        <run_start>2023-11-04 21:40:27</run_start>
        <run_time>1970-01-01 08:00:00</run_time>
        <run_type>periodically</run_type>
        <show_connection_override>false</show_connection_override>
        <synchronize_inserts>true</synchronize_inserts>
        <sys_class_name>scheduled_import_set</sys_class_name>
        <sys_created_by>jamie@moderncyber.com</sys_created_by>
        <sys_created_on>2023-11-04 21:41:22</sys_created_on>
        <sys_id>b00a59fd97deb190bd8ff0021153afd3</sys_id>
        <sys_mod_count>2</sys_mod_count>
        <sys_name>ISE Import Schedule</sys_name>
        <sys_package display_value="Cisco ISE" source="x_caci_cisco_ise">4a658575975eb190bd8ff0021153afa7</sys_package>
        <sys_policy/>
        <sys_scope display_value="Cisco ISE">4a658575975eb190bd8ff0021153afa7</sys_scope>
        <sys_update_name>scheduled_import_set_b00a59fd97deb190bd8ff0021153afd3</sys_update_name>
        <sys_updated_by>jamie@moderncyber.com</sys_updated_by>
        <sys_updated_on>2023-11-06 17:55:45</sys_updated_on>
        <time_zone/>
        <upgrade_safe>false</upgrade_safe>
        <use_child_connection>false</use_child_connection>
    </scheduled_import_set>
</record_update>
