<?xml version="1.0" encoding="UTF-8"?><record_update table="sn_cmdb_int_util_cleanse_mac_operation">
    <sn_cmdb_int_util_cleanse_mac_operation action="INSERT_OR_UPDATE">
        <conditional_fields/>
        <conditional_script/>
        <is_conditional>false</is_conditional>
        <name>Cleanse MAC Address - u_macaddress</name>
        <operation_group/>
        <order>100</order>
        <source_sys_rte_eb_field display_value="u_macaddress">e446a9b19752f190bd8ff0021153af6d</source_sys_rte_eb_field>
        <source_sys_rte_eb_fields/>
        <sys_class_name>sn_cmdb_int_util_cleanse_mac_operation</sys_class_name>
        <sys_created_by>jamie@moderncyber.com</sys_created_by>
        <sys_created_on>2023-11-04 23:59:33</sys_created_on>
        <sys_id>d2d9b97d9792f190bd8ff0021153af65</sys_id>
        <sys_mod_count>0</sys_mod_count>
        <sys_name>Cleanse MAC Address - u_macaddress</sys_name>
        <sys_package display_value="Cisco ISE" source="x_caci_cisco_ise">4a658575975eb190bd8ff0021153afa7</sys_package>
        <sys_policy/>
        <sys_rte_eb_definition display_value="ISE ETL Map">1a6565319752f190bd8ff0021153af57</sys_rte_eb_definition>
        <sys_rte_eb_entity display_value="temp">5c4629b19752f190bd8ff0021153af44</sys_rte_eb_entity>
        <sys_scope display_value="Cisco ISE">4a658575975eb190bd8ff0021153afa7</sys_scope>
        <sys_update_name>sn_cmdb_int_util_cleanse_mac_operation_d2d9b97d9792f190bd8ff0021153af65</sys_update_name>
        <sys_updated_by>jamie@moderncyber.com</sys_updated_by>
        <sys_updated_on>2023-11-04 23:59:33</sys_updated_on>
        <target_sys_rte_eb_field display_value="u_mac">12d9b97d9792f190bd8ff0021153af62</target_sys_rte_eb_field>
        <target_sys_rte_eb_fields/>
        <type display_value="Cleanse MAC Address">a8282738735500102b6265a751ab9ec4</type>
    </sn_cmdb_int_util_cleanse_mac_operation>
</record_update>
