<?xml version="1.0" encoding="UTF-8"?><record_update table="sys_rte_eb_entity_mapping">
    <sys_rte_eb_entity_mapping action="INSERT_OR_UPDATE">
        <condition_script><![CDATA[/*  Example Script  (function() {          //step1: access the input variables         if (input && input.temp.u_type == 'Disk') {         //step2: return true/false             return true;         }         return false;  })(); */  (function(input) {     // Add your code here. })(input);]]></condition_script>
        <encoded_query/>
        <entity_mapping_group/>
        <ignore>false</ignore>
        <is_conditional>false</is_conditional>
        <name>tempToNetwork Adapter 2</name>
        <order>100</order>
        <source_sys_rte_eb_entity display_value="temp">5c4629b19752f190bd8ff0021153af44</source_sys_rte_eb_entity>
        <sys_class_name>sys_rte_eb_entity_mapping</sys_class_name>
        <sys_created_by>jamie@moderncyber.com</sys_created_by>
        <sys_created_on>2023-11-05 15:30:19</sys_created_on>
        <sys_id>bceecd0a97d23590bd8ff0021153afbe</sys_id>
        <sys_mod_count>0</sys_mod_count>
        <sys_name>tempToNetwork Adapter 2</sys_name>
        <sys_package display_value="Cisco ISE" source="x_caci_cisco_ise">4a658575975eb190bd8ff0021153afa7</sys_package>
        <sys_policy/>
        <sys_rte_eb_definition display_value="ISE ETL Map">1a6565319752f190bd8ff0021153af57</sys_rte_eb_definition>
        <sys_scope display_value="Cisco ISE">4a658575975eb190bd8ff0021153afa7</sys_scope>
        <sys_update_name>sys_rte_eb_entity_mapping_bceecd0a97d23590bd8ff0021153afbe</sys_update_name>
        <sys_updated_by>jamie@moderncyber.com</sys_updated_by>
        <sys_updated_on>2023-11-05 15:30:19</sys_updated_on>
        <target_sys_rte_eb_entity display_value="Network Adapter 2">7ceecd0a97d23590bd8ff0021153afbc</target_sys_rte_eb_entity>
    </sys_rte_eb_entity_mapping>
</record_update>
