<?xml version="1.0" encoding="UTF-8"?><record_update sys_domain="global" table="sys_app_module">
    <sys_app_module action="INSERT_OR_UPDATE">
        <active>true</active>
        <application display_value="Cisco ISE App">122c8d31979eb190bd8ff0021153af73</application>
        <assessment/>
        <content_page/>
        <device_type/>
        <filter table="x_caci_cisco_ise_integration_settings">sys_created_bySTARTSWITHjamie@moderncyber.com^EQ<item endquery="false" field="sys_created_by" goto="false" newquery="false" operator="STARTSWITH" or="false" value="jamie@moderncyber.com"/>
            <item endquery="true" field="" goto="false" newquery="false" operator="=" or="false" value=""/>
        </filter>
        <hint/>
        <homepage/>
        <image/>
        <link_type>DETAIL</link_type>
        <map_page/>
        <mobile_title>Integration Settings</mobile_title>
        <mobile_view_name>Mobile</mobile_view_name>
        <name>x_caci_cisco_ise_integration_settings</name>
        <order>1</order>
        <override_menu_roles>false</override_menu_roles>
        <query/>
        <report/>
        <roles/>
        <sys_class_name>sys_app_module</sys_class_name>
        <sys_created_by>jamie@moderncyber.com</sys_created_by>
        <sys_created_on>2023-11-05 23:50:33</sys_created_on>
        <sys_domain>global</sys_domain>
        <sys_domain_path>/</sys_domain_path>
        <sys_id>8601c7c6971e3590bd8ff0021153af62</sys_id>
        <sys_mod_count>0</sys_mod_count>
        <sys_name>Integration Settings</sys_name>
        <sys_overrides/>
        <sys_package display_value="Cisco ISE" source="x_caci_cisco_ise">4a658575975eb190bd8ff0021153afa7</sys_package>
        <sys_policy/>
        <sys_scope display_value="Cisco ISE">4a658575975eb190bd8ff0021153afa7</sys_scope>
        <sys_update_name>sys_app_module_8601c7c6971e3590bd8ff0021153af62</sys_update_name>
        <sys_updated_by>jamie@moderncyber.com</sys_updated_by>
        <sys_updated_on>2023-11-05 23:50:33</sys_updated_on>
        <timeline_page/>
        <title>Integration Settings</title>
        <uncancelable>false</uncancelable>
        <view_name/>
        <window_name/>
    </sys_app_module>
</record_update>
