<?xml version="1.0" encoding="UTF-8"?><record_update sys_domain="global" table="sys_app_application">
    <sys_app_application action="INSERT_OR_UPDATE">
        <active>true</active>
        <category display_value="Custom Applications">e0355b31ef303000a61d5a3615c0fb78</category>
        <description/>
        <device_type>browser</device_type>
        <hint/>
        <name>Cisco ISE App</name>
        <order>100</order>
        <roles>x_caci_cisco_ise.ise admin,admin</roles>
        <sys_class_name>sys_app_application</sys_class_name>
        <sys_created_by>jamie@moderncyber.com</sys_created_by>
        <sys_created_on>2023-11-04 20:39:55</sys_created_on>
        <sys_domain>global</sys_domain>
        <sys_domain_path>/</sys_domain_path>
        <sys_id>122c8d31979eb190bd8ff0021153af73</sys_id>
        <sys_mod_count>1</sys_mod_count>
        <sys_name>Cisco ISE App</sys_name>
        <sys_overrides/>
        <sys_package display_value="Cisco ISE" source="x_caci_cisco_ise">4a658575975eb190bd8ff0021153afa7</sys_package>
        <sys_policy/>
        <sys_scope display_value="Cisco ISE">4a658575975eb190bd8ff0021153afa7</sys_scope>
        <sys_update_name>sys_app_application_122c8d31979eb190bd8ff0021153af73</sys_update_name>
        <sys_updated_by>jamie@moderncyber.com</sys_updated_by>
        <sys_updated_on>2023-11-05 23:33:30</sys_updated_on>
        <title>Cisco ISE App</title>
        <view_name/>
    </sys_app_application>
</record_update>
