<?xml version="1.0" encoding="UTF-8"?><record_update table="sys_robust_import_set_transformer">
    <sys_robust_import_set_transformer action="INSERT_OR_UPDATE">
        <active>true</active>
        <batch_size>100</batch_size>
        <description/>
        <name>ISE ETL Map</name>
        <properties/>
        <robust_transform_engine display_value="ISE ETL Map">1a6565319752f190bd8ff0021153af57</robust_transform_engine>
        <source_table>x_caci_cisco_ise_staging_table</source_table>
        <sys_class_name>sys_robust_import_set_transformer</sys_class_name>
        <sys_created_by>jamie@moderncyber.com</sys_created_by>
        <sys_created_on>2023-11-04 22:30:15</sys_created_on>
        <sys_id>126569319752f190bd8ff0021153afba</sys_id>
        <sys_mod_count>0</sys_mod_count>
        <sys_name>ISE ETL Map</sys_name>
        <sys_package display_value="Cisco ISE" source="x_caci_cisco_ise">4a658575975eb190bd8ff0021153afa7</sys_package>
        <sys_policy/>
        <sys_scope display_value="Cisco ISE">4a658575975eb190bd8ff0021153afa7</sys_scope>
        <sys_update_name>sys_robust_import_set_transformer_126569319752f190bd8ff0021153afba</sys_update_name>
        <sys_updated_by>jamie@moderncyber.com</sys_updated_by>
        <sys_updated_on>2023-11-04 22:30:15</sys_updated_on>
        <verbose>false</verbose>
    </sys_robust_import_set_transformer>
</record_update>
