<?xml version="1.0" encoding="UTF-8"?><record_update sys_domain="global" table="sys_app_module">
    <sys_app_module action="INSERT_OR_UPDATE">
        <active>true</active>
        <application display_value="Cisco ISE App">122c8d31979eb190bd8ff0021153af73</application>
        <assessment/>
        <content_page/>
        <device_type/>
        <filter table="syslog_app_scope">sys_scope=4a658575975eb190bd8ff0021153afa7^EQ<item display_table="sys_scope" display_value="Cisco ISE" endquery="false" field="sys_scope" goto="false" newquery="false" operator="=" or="false" value="4a658575975eb190bd8ff0021153afa7"/>
            <item endquery="true" field="" goto="false" newquery="false" operator="=" or="false" value=""/>
        </filter>
        <hint/>
        <homepage/>
        <image/>
        <link_type>LIST</link_type>
        <map_page/>
        <mobile_title>Logs</mobile_title>
        <mobile_view_name>Mobile</mobile_view_name>
        <name>syslog_app_scope</name>
        <order>2000</order>
        <override_menu_roles>false</override_menu_roles>
        <query>./syslog_app_scope_list.do%3Fsysparm_query%3Dsys_scope%253D4a658575975eb190bd8ff0021153afa7%26sysparm_first_row%3D1%26sysparm_view%3D</query>
        <report/>
        <roles/>
        <sys_class_name>sys_app_module</sys_class_name>
        <sys_created_by>jamie@moderncyber.com</sys_created_by>
        <sys_created_on>2023-11-06 12:25:51</sys_created_on>
        <sys_domain>global</sys_domain>
        <sys_domain_path>/</sys_domain_path>
        <sys_id>f01e659a975a7590bd8ff0021153af8e</sys_id>
        <sys_mod_count>2</sys_mod_count>
        <sys_name>syslog_app_scope</sys_name>
        <sys_overrides/>
        <sys_package display_value="Cisco ISE" source="x_caci_cisco_ise">4a658575975eb190bd8ff0021153afa7</sys_package>
        <sys_policy/>
        <sys_scope display_value="Cisco ISE">4a658575975eb190bd8ff0021153afa7</sys_scope>
        <sys_update_name>sys_app_module_f01e659a975a7590bd8ff0021153af8e</sys_update_name>
        <sys_updated_by>jamie@moderncyber.com</sys_updated_by>
        <sys_updated_on>2023-11-06 12:38:08</sys_updated_on>
        <timeline_page/>
        <title>Logs</title>
        <uncancelable>false</uncancelable>
        <view_name/>
        <window_name/>
    </sys_app_module>
</record_update>
