<?xml version="1.0" encoding="UTF-8"?><record_update table="sys_rte_eb_entity_mapping">
    <sys_rte_eb_entity_mapping action="INSERT_OR_UPDATE">
        <condition_script><![CDATA[(function() {
    if (((input.temp.u_endpointprofile.indexOf('Workstation') > -1) && (!input.temp.u_adhostresolvedidentities || !input.temp.u_mdmserialnumber))) {
        return true;
    }
    return false;
})();]]></condition_script>
        <encoded_query>u_endpointprofileLIKEWorkstation^u_adhostresolvedidentitiesISEMPTY^ORu_mdmserialnumberISEMPTY</encoded_query>
        <entity_mapping_group>d97fb17597d2f190bd8ff0021153af70</entity_mapping_group>
        <ignore>false</ignore>
        <is_conditional>true</is_conditional>
        <name>TempToComputer</name>
        <order>100</order>
        <source_sys_rte_eb_entity display_value="temp">5c4629b19752f190bd8ff0021153af44</source_sys_rte_eb_entity>
        <sys_class_name>sys_rte_eb_entity_mapping</sys_class_name>
        <sys_created_by>jamie@moderncyber.com</sys_created_by>
        <sys_created_on>2023-11-05 00:24:03</sys_created_on>
        <sys_id>5d7fb17597d2f190bd8ff0021153af73</sys_id>
        <sys_mod_count>2</sys_mod_count>
        <sys_name>TempToComputer</sys_name>
        <sys_package display_value="Cisco ISE" source="x_caci_cisco_ise">4a658575975eb190bd8ff0021153afa7</sys_package>
        <sys_policy/>
        <sys_rte_eb_definition display_value="ISE ETL Map">1a6565319752f190bd8ff0021153af57</sys_rte_eb_definition>
        <sys_scope display_value="Cisco ISE">4a658575975eb190bd8ff0021153afa7</sys_scope>
        <sys_update_name>sys_rte_eb_entity_mapping_5d7fb17597d2f190bd8ff0021153af73</sys_update_name>
        <sys_updated_by>jamie@moderncyber.com</sys_updated_by>
        <sys_updated_on>2023-11-06 14:12:38</sys_updated_on>
        <target_sys_rte_eb_entity display_value="Computer">5d7fb17597d2f190bd8ff0021153af70</target_sys_rte_eb_entity>
    </sys_rte_eb_entity_mapping>
</record_update>
