<?xml version="1.0" encoding="UTF-8"?><record_update table="sys_db_object">
    <sys_db_object action="INSERT_OR_UPDATE">
        <access>public</access>
        <actions_access>false</actions_access>
        <alter_access>false</alter_access>
        <caller_access/>
        <client_scripts_access>false</client_scripts_access>
        <configuration_access>false</configuration_access>
        <create_access>false</create_access>
        <create_access_controls>true</create_access_controls>
        <delete_access>false</delete_access>
        <is_extendable>false</is_extendable>
        <label>Integration Settings</label>
        <live_feed_enabled>false</live_feed_enabled>
        <name>x_caci_cisco_ise_integration_settings</name>
        <number_ref/>
        <provider_class/>
        <read_access>true</read_access>
        <scriptable_table>false</scriptable_table>
        <super_class/>
        <sys_class_name>sys_db_object</sys_class_name>
        <sys_created_by>jamie@moderncyber.com</sys_created_by>
        <sys_created_on>2023-11-04 20:39:55</sys_created_on>
        <sys_id>04bb0d31979eb190bd8ff0021153af6f</sys_id>
        <sys_mod_count>0</sys_mod_count>
        <sys_name>Integration Settings</sys_name>
        <sys_package display_value="Cisco ISE" source="x_caci_cisco_ise">4a658575975eb190bd8ff0021153afa7</sys_package>
        <sys_policy/>
        <sys_scope display_value="Cisco ISE">4a658575975eb190bd8ff0021153afa7</sys_scope>
        <sys_update_name>sys_db_object_04bb0d31979eb190bd8ff0021153af6f</sys_update_name>
        <sys_updated_by>jamie@moderncyber.com</sys_updated_by>
        <sys_updated_on>2023-11-04 20:39:55</sys_updated_on>
        <update_access>false</update_access>
        <user_role display_value="x_caci_cisco_ise.ise admin" name="x_caci_cisco_ise.ise admin">bc854df5975eb190bd8ff0021153af2c</user_role>
        <ws_access>true</ws_access>
    </sys_db_object>
</record_update>
