<?xml version="1.0" encoding="UTF-8"?><record_update sys_domain="global" table="sys_app_module">
    <sys_app_module action="INSERT_OR_UPDATE">
        <active>true</active>
        <application display_value="Cisco ISE App">122c8d31979eb190bd8ff0021153af73</application>
        <assessment/>
        <content_page/>
        <device_type/>
        <filter table="cmdb_inst_application">nameLIKECisco ISE^EQ<item endquery="false" field="name" goto="false" newquery="false" operator="LIKE" or="false" value="Cisco ISE"/>
            <item endquery="true" field="" goto="false" newquery="false" operator="=" or="false" value=""/>
        </filter>
        <hint>Map Data to CMDB Classes</hint>
        <homepage/>
        <image/>
        <link_type>DIRECT</link_type>
        <map_page/>
        <mobile_title>ETL Configuration</mobile_title>
        <mobile_view_name>Mobile</mobile_view_name>
        <name>cmdb_inst_application</name>
        <order>20</order>
        <override_menu_roles>false</override_menu_roles>
        <query>/$cmdb_integration_studio.do#?step=templateState&amp;map=1a6565319752f190bd8ff0021153af57</query>
        <report/>
        <roles/>
        <sys_class_name>sys_app_module</sys_class_name>
        <sys_created_by>jamie@moderncyber.com</sys_created_by>
        <sys_created_on>2023-11-05 23:55:09</sys_created_on>
        <sys_domain>global</sys_domain>
        <sys_domain_path>/</sys_domain_path>
        <sys_id>b1d1c70a971e3590bd8ff0021153af6c</sys_id>
        <sys_mod_count>6</sys_mod_count>
        <sys_name>ETL Configuration</sys_name>
        <sys_overrides/>
        <sys_package display_value="Cisco ISE" source="x_caci_cisco_ise">4a658575975eb190bd8ff0021153afa7</sys_package>
        <sys_policy/>
        <sys_scope display_value="Cisco ISE">4a658575975eb190bd8ff0021153afa7</sys_scope>
        <sys_update_name>sys_app_module_b1d1c70a971e3590bd8ff0021153af6c</sys_update_name>
        <sys_updated_by>jamie@moderncyber.com</sys_updated_by>
        <sys_updated_on>2023-11-06 00:18:06</sys_updated_on>
        <timeline_page/>
        <title>ETL Configuration</title>
        <uncancelable>false</uncancelable>
        <view_name/>
        <window_name/>
    </sys_app_module>
</record_update>
