<?xml version="1.0" encoding="UTF-8"?><record_update table="sys_embedded_help_role">
    <sys_embedded_help_role action="INSERT_OR_UPDATE">
        <order>10</order>
        <role display_value="x_caci_cisco_ise.ise admin" name="x_caci_cisco_ise.ise admin">bc854df5975eb190bd8ff0021153af2c</role>
        <sys_class_name>sys_embedded_help_role</sys_class_name>
        <sys_created_by>jamie@moderncyber.com</sys_created_by>
        <sys_created_on>2023-11-04 20:10:53</sys_created_on>
        <sys_id>70854df5975eb190bd8ff0021153af2f</sys_id>
        <sys_mod_count>0</sys_mod_count>
        <sys_name>bc854df5975eb190bd8ff0021153af2c</sys_name>
        <sys_package display_value="Cisco ISE" source="x_caci_cisco_ise">4a658575975eb190bd8ff0021153afa7</sys_package>
        <sys_policy/>
        <sys_scope display_value="Cisco ISE">4a658575975eb190bd8ff0021153afa7</sys_scope>
        <sys_update_name>sys_embedded_help_role_70854df5975eb190bd8ff0021153af2f</sys_update_name>
        <sys_updated_by>jamie@moderncyber.com</sys_updated_by>
        <sys_updated_on>2023-11-04 20:10:53</sys_updated_on>
    </sys_embedded_help_role>
</record_update>
