<?xml version="1.0" encoding="UTF-8"?><record_update sys_domain="global" table="sys_filter">
    <sys_filter action="INSERT_OR_UPDATE">
        <filter table="cmdb_ci_hardware">discovery_source=Cisco ISE^EQ<item display_value="Cisco ISE" endquery="false" field="discovery_source" goto="false" newquery="false" operator="=" or="false" value="Cisco ISE"/>
            <item endquery="true" field="" goto="false" newquery="false" operator="=" or="false" value=""/>
        </filter>
        <group/>
        <last_used/>
        <mobile>false</mobile>
        <roles/>
        <sys_class_name>sys_filter</sys_class_name>
        <sys_created_by>jamie@moderncyber.com</sys_created_by>
        <sys_created_on>2023-11-06 17:05:47</sys_created_on>
        <sys_domain>global</sys_domain>
        <sys_domain_path>/</sys_domain_path>
        <sys_id>705ee2de979e7590bd8ff0021153af3b</sys_id>
        <sys_mod_count>0</sys_mod_count>
        <sys_name>Cisco ISE Devices</sys_name>
        <sys_package display_value="Cisco ISE" source="x_caci_cisco_ise">4a658575975eb190bd8ff0021153afa7</sys_package>
        <sys_policy/>
        <sys_scope display_value="Cisco ISE">4a658575975eb190bd8ff0021153afa7</sys_scope>
        <sys_update_name>sys_filter_705ee2de979e7590bd8ff0021153af3b</sys_update_name>
        <sys_updated_by>jamie@moderncyber.com</sys_updated_by>
        <sys_updated_on>2023-11-06 17:05:47</sys_updated_on>
        <table>cmdb_ci_hardware</table>
        <title>Cisco ISE Devices</title>
        <user/>
    </sys_filter>
    <sys_translated_text action="delete_multiple" query="documentkey=705ee2de979e7590bd8ff0021153af3b"/>
</record_update>
