<?xml version="1.0" encoding="UTF-8"?><record_update>
    <sys_documentation element="ers_node" label="ERS Node" language="en" table="x_caci_cisco_ise_integration_settings">
        <sys_documentation action="INSERT_OR_UPDATE">
            <element>ers_node</element>
            <help/>
            <hint/>
            <label>ERS Node</label>
            <language>en</language>
            <name>x_caci_cisco_ise_integration_settings</name>
            <plural>ERS Nodes</plural>
            <sys_class_name>sys_documentation</sys_class_name>
            <sys_created_by>jamie@moderncyber.com</sys_created_by>
            <sys_created_on>2023-11-04 20:45:55</sys_created_on>
            <sys_mod_count>0</sys_mod_count>
            <sys_name>ERS Node</sys_name>
            <sys_package display_value="Cisco ISE" source="x_caci_cisco_ise">4a658575975eb190bd8ff0021153afa7</sys_package>
            <sys_policy/>
            <sys_scope display_value="Cisco ISE">4a658575975eb190bd8ff0021153afa7</sys_scope>
            <sys_update_name>sys_documentation_x_caci_cisco_ise_integration_settings_ers_node_en</sys_update_name>
            <sys_updated_by>jamie@moderncyber.com</sys_updated_by>
            <sys_updated_on>2023-11-04 20:45:55</sys_updated_on>
            <url/>
            <url_target/>
        </sys_documentation>
    </sys_documentation>
</record_update>
