<?xml version="1.0" encoding="UTF-8"?><record_update table="sys_rte_eb_concat_operation">
    <sys_rte_eb_concat_operation action="INSERT_OR_UPDATE">
        <conditional_fields/>
        <conditional_script/>
        <is_conditional>false</is_conditional>
        <joining_string>|</joining_string>
        <name>Concatenation - u_date,u_time</name>
        <operation_group/>
        <order>600</order>
        <source_sys_rte_eb_field/>
        <source_sys_rte_eb_fields>52fcb57197d2f190bd8ff0021153af50,12fcb57197d2f190bd8ff0021153af53</source_sys_rte_eb_fields>
        <sys_class_name>sys_rte_eb_concat_operation</sys_class_name>
        <sys_created_by>jamie@moderncyber.com</sys_created_by>
        <sys_created_on>2023-11-05 00:14:32</sys_created_on>
        <sys_id>c24db1b197d2f190bd8ff0021153afc7</sys_id>
        <sys_mod_count>0</sys_mod_count>
        <sys_name>Concatenation - u_date,u_time</sys_name>
        <sys_package display_value="Cisco ISE" source="x_caci_cisco_ise">4a658575975eb190bd8ff0021153afa7</sys_package>
        <sys_policy/>
        <sys_rte_eb_definition display_value="ISE ETL Map">1a6565319752f190bd8ff0021153af57</sys_rte_eb_definition>
        <sys_rte_eb_entity display_value="temp">5c4629b19752f190bd8ff0021153af44</sys_rte_eb_entity>
        <sys_scope display_value="Cisco ISE">4a658575975eb190bd8ff0021153afa7</sys_scope>
        <sys_update_name>sys_rte_eb_concat_operation_c24db1b197d2f190bd8ff0021153afc7</sys_update_name>
        <sys_updated_by>jamie@moderncyber.com</sys_updated_by>
        <sys_updated_on>2023-11-05 00:14:32</sys_updated_on>
        <target_sys_rte_eb_field display_value="u_timeAndDate">4a4d3d7197d2f190bd8ff0021153afd7</target_sys_rte_eb_field>
        <target_sys_rte_eb_fields/>
        <type display_value="Concatenation">4e38102a73b333002b6265a751ab9e1f</type>
    </sys_rte_eb_concat_operation>
</record_update>
