<?xml version="1.0" encoding="UTF-8"?><record_update sys_domain="global" table="sys_app_module">
    <sys_app_module action="INSERT_OR_UPDATE">
        <active>true</active>
        <application display_value="Cisco ISE App">122c8d31979eb190bd8ff0021153af73</application>
        <assessment/>
        <content_page/>
        <device_type/>
        <filter table="scheduled_import_set">sys_id=b00a59fd97deb190bd8ff0021153afd3^EQ<item endquery="false" field="sys_id" goto="false" newquery="false" operator="=" or="false" value="b00a59fd97deb190bd8ff0021153afd3"/>
            <item endquery="true" field="" goto="false" newquery="false" operator="=" or="false" value=""/>
        </filter>
        <hint/>
        <homepage/>
        <image/>
        <link_type>DETAIL</link_type>
        <map_page/>
        <mobile_title>Import Schedule</mobile_title>
        <mobile_view_name>Mobile</mobile_view_name>
        <name>scheduled_import_set</name>
        <order>30</order>
        <override_menu_roles>false</override_menu_roles>
        <query/>
        <report/>
        <roles/>
        <sys_class_name>sys_app_module</sys_class_name>
        <sys_created_by>jamie@moderncyber.com</sys_created_by>
        <sys_created_on>2023-11-05 23:58:30</sys_created_on>
        <sys_domain>global</sys_domain>
        <sys_domain_path>/</sys_domain_path>
        <sys_id>b0d28f4a971e3590bd8ff0021153afab</sys_id>
        <sys_mod_count>1</sys_mod_count>
        <sys_name>Import Schedule</sys_name>
        <sys_overrides/>
        <sys_package display_value="Cisco ISE" source="x_caci_cisco_ise">4a658575975eb190bd8ff0021153afa7</sys_package>
        <sys_policy/>
        <sys_scope display_value="Cisco ISE">4a658575975eb190bd8ff0021153afa7</sys_scope>
        <sys_update_name>sys_app_module_b0d28f4a971e3590bd8ff0021153afab</sys_update_name>
        <sys_updated_by>jamie@moderncyber.com</sys_updated_by>
        <sys_updated_on>2023-11-05 23:58:42</sys_updated_on>
        <timeline_page/>
        <title>Import Schedule</title>
        <uncancelable>false</uncancelable>
        <view_name/>
        <window_name/>
    </sys_app_module>
</record_update>
