<?xml version="1.0" encoding="UTF-8"?><record_update>
    <sys_documentation element="x_caci_cisco_ise_nmap_os" label="NMAP OS" language="en" table="cmdb_ci_hardware">
        <sys_documentation action="INSERT_OR_UPDATE">
            <element>x_caci_cisco_ise_nmap_os</element>
            <help/>
            <hint/>
            <label>NMAP OS</label>
            <language>en</language>
            <name>cmdb_ci_hardware</name>
            <plural>NMAP OSs</plural>
            <sys_class_name>sys_documentation</sys_class_name>
            <sys_created_by>jamie@moderncyber.com</sys_created_by>
            <sys_created_on>2023-11-04 21:16:48</sys_created_on>
            <sys_mod_count>0</sys_mod_count>
            <sys_name>NMAP OS</sys_name>
            <sys_package display_value="Cisco ISE" source="x_caci_cisco_ise">4a658575975eb190bd8ff0021153afa7</sys_package>
            <sys_policy/>
            <sys_scope display_value="Cisco ISE">4a658575975eb190bd8ff0021153afa7</sys_scope>
            <sys_update_name>sys_documentation_cmdb_ci_hardware_x_caci_cisco_ise_nmap_os_en</sys_update_name>
            <sys_updated_by>jamie@moderncyber.com</sys_updated_by>
            <sys_updated_on>2023-11-04 21:16:48</sys_updated_on>
            <url/>
            <url_target/>
        </sys_documentation>
    </sys_documentation>
</record_update>
