<?xml version="1.0" encoding="UTF-8"?><record_update table="sys_rte_eb_field">
    <sys_rte_eb_field action="INSERT_OR_UPDATE">
        <field>source_native_key</field>
        <name>source_native_key</name>
        <sys_class_name>sys_rte_eb_field</sys_class_name>
        <sys_created_by>jamie@moderncyber.com</sys_created_by>
        <sys_created_on>2023-11-06 16:37:45</sys_created_on>
        <sys_id>56e7aa56979e7590bd8ff0021153afb5</sys_id>
        <sys_mod_count>0</sys_mod_count>
        <sys_name>source_native_key</sys_name>
        <sys_package display_value="Cisco ISE" source="x_caci_cisco_ise">4a658575975eb190bd8ff0021153afa7</sys_package>
        <sys_policy/>
        <sys_rte_eb_definition display_value="ISE ETL Map">1a6565319752f190bd8ff0021153af57</sys_rte_eb_definition>
        <sys_rte_eb_entity display_value="IP Phone">d97fb17597d2f190bd8ff0021153af7a</sys_rte_eb_entity>
        <sys_scope display_value="Cisco ISE">4a658575975eb190bd8ff0021153afa7</sys_scope>
        <sys_update_name>sys_rte_eb_field_56e7aa56979e7590bd8ff0021153afb5</sys_update_name>
        <sys_updated_by>jamie@moderncyber.com</sys_updated_by>
        <sys_updated_on>2023-11-06 16:37:45</sys_updated_on>
    </sys_rte_eb_field>
</record_update>
