<?xml version="1.0" encoding="UTF-8"?><record_update table="sys_data_source">
    <sys_data_source action="INSERT_OR_UPDATE">
        <batch_size>1000</batch_size>
        <category/>
        <connection_alias/>
        <connection_override_last_success_time/>
        <connection_timeout>0</connection_timeout>
        <connection_url/>
        <connection_url_parameters/>
        <csv_delimiter/>
        <data_in_single_column>false</data_in_single_column>
        <data_loader><![CDATA[(function loadData(import_set_table, data_source, import_log, last_success_import_time) {

     // Add your code here to insert data to import_set_table

})(import_set_table, data_source, import_log, last_success_import_time);]]></data_loader>
        <data_stream_action/>
        <data_stream_action_inputs/>
        <data_stream_connection_alias/>
        <database_name/>
        <database_port/>
        <discard_arrays>false</discard_arrays>
        <expand_node_children>false</expand_node_children>
        <file_path/>
        <file_retrieval_method>Attachment</file_retrieval_method>
        <format>JSON</format>
        <glide_keystore>false</glide_keystore>
        <header_row>0</header_row>
        <import_set_table_label>ISE Staging Table</import_set_table_label>
        <import_set_table_name>x_caci_cisco_ise_staging_table</import_set_table_name>
        <instance_name/>
        <jdbc_password/>
        <jdbc_server/>
        <jdbc_user_name/>
        <jpath_root_node>/sessions/sessions</jpath_root_node>
        <last_run_database_field/>
        <last_run_datetime/>
        <last_success_import_time>2023-11-06 17:40:27</last_success_import_time>
        <ldap_target/>
        <ldapprobe_result_set_rows>200</ldapprobe_result_set_rows>
        <limit/>
        <maximum_rows/>
        <mid_server/>
        <name>Cisco ISE Sessions</name>
        <offset>0</offset>
        <oracle_port>1521</oracle_port>
        <oracle_sid>orcl</oracle_sid>
        <parsing_script><![CDATA[// The input value can be accessed through the variables named "line", "lineNumber" and "result"
// The function uses result variable to return parse result back. 
(function(line,lineNumber,result) {
	// add code here
})(line,lineNumber,result);]]></parsing_script>
        <properties/>
        <query>All Rows from Table</query>
        <query_timeout>0</query_timeout>
        <request_action display_value="Cisco ISE GetSessions">6328d5f997deb190bd8ff0021153af08</request_action>
        <scp_authentication>Username and Password</scp_authentication>
        <scp_password/>
        <scp_port/>
        <scp_server/>
        <scp_user_name/>
        <sheet_number>0</sheet_number>
        <sql_statement/>
        <ssh_keyfile_path/>
        <support_pagination>false</support_pagination>
        <sys_class_name>sys_data_source</sys_class_name>
        <sys_created_by>jamie@moderncyber.com</sys_created_by>
        <sys_created_on>2023-11-04 21:39:53</sys_created_on>
        <sys_id>056759f997deb190bd8ff0021153afa7</sys_id>
        <sys_mod_count>11</sys_mod_count>
        <sys_name>Cisco ISE Sessions</sys_name>
        <sys_package display_value="Cisco ISE" source="x_caci_cisco_ise">4a658575975eb190bd8ff0021153afa7</sys_package>
        <sys_policy/>
        <sys_scope display_value="Cisco ISE">4a658575975eb190bd8ff0021153afa7</sys_scope>
        <sys_update_name>sys_data_source_056759f997deb190bd8ff0021153afa7</sys_update_name>
        <sys_updated_by>jamie@moderncyber.com</sys_updated_by>
        <sys_updated_on>2023-11-06 17:40:31</sys_updated_on>
        <table_name/>
        <type>REST</type>
        <use_batch_import>false</use_batch_import>
        <use_integrated_authentication>false</use_integrated_authentication>
        <use_last_run_datetime>false</use_last_run_datetime>
        <xpath_root_node/>
        <zipped>false</zipped>
    </sys_data_source>
    <sys_variable_value action="delete_multiple" query="document_key=056759f997deb190bd8ff0021153afa7"/>
</record_update>
