<?xml version="1.0" encoding="UTF-8"?><database>
    <element db_object_id="7e3629b19752f190bd8ff0021153af04" extends="sys_import_set_row" label="ISE Staging Table" max_length="40" name="x_caci_cisco_ise_staging_table" type="collection">
        <element attributes="edge_encryption_enabled=true,import_attribute_name=adHostResolvedIdentities" label="adHostResolvedIdentities" max_length="40" name="u_adhostresolvedidentities" type="string"/>
        <element attributes="edge_encryption_enabled=true,import_attribute_name=adNormalizedUser" label="adNormalizedUser" max_length="40" name="u_adnormalizeduser" type="string"/>
        <element attributes="edge_encryption_enabled=true,import_attribute_name=adUserDomainName" label="adUserDomainName" max_length="40" name="u_aduserdomainname" type="string"/>
        <element attributes="edge_encryption_enabled=true,import_attribute_name=adUserNetBiosName" label="adUserNetBiosName" max_length="40" name="u_adusernetbiosname" type="string"/>
        <element attributes="edge_encryption_enabled=true,import_attribute_name=adUserQualifiedName" label="adUserQualifiedName" max_length="40" name="u_aduserqualifiedname" type="string"/>
        <element attributes="edge_encryption_enabled=true,import_attribute_name=adUserResolvedDns" label="adUserResolvedDns" max_length="47" name="u_aduserresolveddns" type="string"/>
        <element attributes="edge_encryption_enabled=true,import_attribute_name=adUserResolvedIdentities" label="adUserResolvedIdentities" max_length="40" name="u_aduserresolvedidentities" type="string"/>
        <element attributes="edge_encryption_enabled=true,import_attribute_name=adUserSamAccountName" label="adUserSamAccountName" max_length="40" name="u_adusersamaccountname" type="string"/>
        <element attributes="edge_encryption_enabled=true,import_attribute_name=auditSessionId" label="auditSessionId" max_length="40" name="u_auditsessionid" type="string"/>
        <element attributes="edge_encryption_enabled=true,import_attribute_name=authMethod" label="authMethod" max_length="40" name="u_authmethod" type="string"/>
        <element attributes="edge_encryption_enabled=true,import_attribute_name=authProtocol" label="authProtocol" max_length="40" name="u_authprotocol" type="string"/>
        <element attributes="edge_encryption_enabled=true,import_attribute_name=calledStationId" label="calledStationId" max_length="40" name="u_calledstationid" type="string"/>
        <element attributes="edge_encryption_enabled=true,import_attribute_name=callingStationId" label="callingStationId" max_length="40" name="u_callingstationid" type="string"/>
        <element attributes="edge_encryption_enabled=true,import_attribute_name=ctsSecurityGroup" label="ctsSecurityGroup" max_length="40" name="u_ctssecuritygroup" type="string"/>
        <element attributes="edge_encryption_enabled=true,import_attribute_name=endpointCheckResult" label="endpointCheckResult" max_length="40" name="u_endpointcheckresult" type="string"/>
        <element attributes="edge_encryption_enabled=true,import_attribute_name=endpointOperatingSystem" label="endpointOperatingSystem" max_length="40" name="u_endpointoperatingsystem" type="string"/>
        <element attributes="edge_encryption_enabled=true,import_attribute_name=endpointProfile" label="endpointProfile" max_length="40" name="u_endpointprofile" type="string"/>
        <element attributes="edge_encryption_enabled=true,import_attribute_name=identitySourcePortEnd" label="identitySourcePortEnd" max_length="40" name="u_identitysourceportend" type="string"/>
        <element attributes="edge_encryption_enabled=true,import_attribute_name=identitySourcePortFirst" label="identitySourcePortFirst" max_length="40" name="u_identitysourceportfirst" type="string"/>
        <element attributes="edge_encryption_enabled=true,import_attribute_name=identitySourcePortStart" label="identitySourcePortStart" max_length="40" name="u_identitysourceportstart" type="string"/>
        <element attributes="edge_encryption_enabled=true,import_attribute_name=ipAddresses" label="ipAddresses" max_length="40" name="u_ipaddresses" type="string"/>
        <element attributes="edge_encryption_enabled=true,import_attribute_name=isMachineAuthentication" label="isMachineAuthentication" max_length="40" name="u_ismachineauthentication" type="string"/>
        <element attributes="edge_encryption_enabled=true,import_attribute_name=macAddress" label="macAddress" max_length="40" name="u_macaddress" type="string"/>
        <element attributes="edge_encryption_enabled=true,import_attribute_name=mdmCompliant" label="mdmCompliant" max_length="40" name="u_mdmcompliant" type="string"/>
        <element attributes="edge_encryption_enabled=true,import_attribute_name=mdmDeviceManager" label="mdmDeviceManager" max_length="40" name="u_mdmdevicemanager" type="string"/>
        <element attributes="edge_encryption_enabled=true,import_attribute_name=mdmDiskEncrypted" label="mdmDiskEncrypted" max_length="40" name="u_mdmdiskencrypted" type="string"/>
        <element attributes="edge_encryption_enabled=true,import_attribute_name=mdmImei" label="mdmImei" max_length="40" name="u_mdmimei" type="string"/>
        <element attributes="edge_encryption_enabled=true,import_attribute_name=mdmJailBroken" label="mdmJailBroken" max_length="40" name="u_mdmjailbroken" type="string"/>
        <element attributes="edge_encryption_enabled=true,import_attribute_name=mdmMacAddress" label="mdmMacAddress" max_length="40" name="u_mdmmacaddress" type="string"/>
        <element attributes="edge_encryption_enabled=true,import_attribute_name=mdmManufacturer" label="mdmManufacturer" max_length="40" name="u_mdmmanufacturer" type="string"/>
        <element attributes="edge_encryption_enabled=true,import_attribute_name=mdmModel" label="mdmModel" max_length="40" name="u_mdmmodel" type="string"/>
        <element attributes="edge_encryption_enabled=true,import_attribute_name=mdmOsVersion" label="mdmOsVersion" max_length="40" name="u_mdmosversion" type="string"/>
        <element attributes="edge_encryption_enabled=true,import_attribute_name=mdmPinLocked" label="mdmPinLocked" max_length="40" name="u_mdmpinlocked" type="string"/>
        <element attributes="edge_encryption_enabled=true,import_attribute_name=mdmRegistered" label="mdmRegistered" max_length="40" name="u_mdmregistered" type="string"/>
        <element attributes="edge_encryption_enabled=true,import_attribute_name=mdmSerialNumber" label="mdmSerialNumber" max_length="40" name="u_mdmserialnumber" type="string"/>
        <element attributes="edge_encryption_enabled=true,import_attribute_name=mdmUdid" label="mdmUdid" max_length="40" name="u_mdmudid" type="string"/>
        <element attributes="edge_encryption_enabled=true,import_attribute_name=nasIdentifier" label="nasIdentifier" max_length="40" name="u_nasidentifier" type="string"/>
        <element attributes="edge_encryption_enabled=true,import_attribute_name=nasIpAddress" label="nasIpAddress" max_length="40" name="u_nasipaddress" type="string"/>
        <element attributes="edge_encryption_enabled=true,import_attribute_name=nasPortId" label="nasPortId" max_length="40" name="u_nasportid" type="string"/>
        <element attributes="edge_encryption_enabled=true,import_attribute_name=nasPortType" label="nasPortType" max_length="40" name="u_nasporttype" type="string"/>
        <element attributes="edge_encryption_enabled=true,import_attribute_name=networkDeviceProfileName" label="networkDeviceProfileName" max_length="40" name="u_networkdeviceprofilename" type="string"/>
        <element attributes="edge_encryption_enabled=true,import_attribute_name=providers" label="providers" max_length="40" name="u_providers" type="string"/>
        <element attributes="edge_encryption_enabled=true,import_attribute_name=radiusFlowType" label="radiusFlowType" max_length="40" name="u_radiusflowtype" type="string"/>
        <element attributes="edge_encryption_enabled=true,import_attribute_name=selectedAuthzProfiles" label="selectedAuthzProfiles" max_length="40" name="u_selectedauthzprofiles" type="string"/>
        <element attributes="edge_encryption_enabled=true,import_attribute_name=serviceType" label="serviceType" max_length="40" name="u_servicetype" type="string"/>
        <element attributes="edge_encryption_enabled=true,import_attribute_name=ssid" label="ssid" max_length="40" name="u_ssid" type="string"/>
        <element attributes="edge_encryption_enabled=true,import_attribute_name=state" label="state" max_length="40" name="u_state" type="string"/>
        <element attributes="edge_encryption_enabled=true,import_attribute_name=timestamp" label="timestamp" max_length="40" name="u_timestamp" type="string"/>
        <element attributes="edge_encryption_enabled=true,import_attribute_name=tunnelPrivateGroupId" label="tunnelPrivateGroupId" max_length="40" name="u_tunnelprivategroupid" type="string"/>
        <element attributes="edge_encryption_enabled=true,import_attribute_name=useCase" label="useCase" max_length="40" name="u_usecase" type="string"/>
        <element attributes="edge_encryption_enabled=true,import_attribute_name=userName" label="userName" max_length="40" name="u_username" type="string"/>
    </element>
</database>
